offset;verdict;note
0x10512C;imposteur;code Thumb zlib gen_bitlen (crash sauvegarde)
0x8D3F08;pointeur;revue manuelle (valeur 0x0094A050)
0x8D3F10;pointeur;revue manuelle (valeur 0x00949F5C)
0x8D3F18;pointeur;revue manuelle (valeur 0x00949D48)
0x8D3F70;pointeur;revue manuelle (valeur 0x00949FFC)
0x8D3F78;pointeur;revue manuelle (valeur 0x0094A1BC)
0x8D5798;pointeur;revue manuelle (valeur 0x00A28050)
0x8D5930;pointeur;revue manuelle (valeur 0x00B4C440)
0x8D7044;pointeur;revue manuelle (valeur 0x00B4E82C)
0x8D70BC;pointeur;revue manuelle (valeur 0x00B4E70C)
0x8D70C8;pointeur;revue manuelle (valeur 0x00B4E074)
0x8D7164;pointeur;revue manuelle (valeur 0x00B4E32C)
0x8D71DC;pointeur;revue manuelle (valeur 0x00B4E5C8)
0x8D74EC;pointeur;revue manuelle (valeur 0x009C68B8)
0x8D74F0;pointeur;revue manuelle (valeur 0x00A5036C)
0x8D766C;pointeur;revue manuelle (valeur 0x00A505AC)
0x8D7670;pointeur;revue manuelle (valeur 0x00A50BE4)
0x8E86F4;imposteur;table numérique .rodata
0x8E9160;imposteur;table numérique .rodata
0x8F6554;pointeur;revue manuelle (valeur 0x00B515C4)
0x8F655C;pointeur;revue manuelle (valeur 0x00B515B6)
0x8F694C;pointeur;revue manuelle (valeur 0x00B515D2)
0xB6DF84;imposteur;valeur ronde 0xA8008C en table .rodata
0xB93CCC;imposteur;valeur ronde 0xA00014 en table .rodata
0xB952F4;imposteur;valeur ronde en table .rodata
0xB98540;imposteur;valeur ronde 0xA00014 en table .rodata
0xBC0B98;imposteur;valeur ronde 0xA00014 en table .rodata
0xBC12E0;imposteur;valeur ronde 0xA00014 en table .rodata
0xBE4FC4;imposteur;valeur ronde 0xA00014 en table .rodata
0xC35EA4;pointeur;revue manuelle (valeur 0x0094D15C)
0xCABDC4;pointeur;revue manuelle (valeur 0x0094CD48)
0xCB255C;pointeur;revue manuelle (valeur 0x0094CD48)
0xCB385C;pointeur;revue manuelle (valeur 0x0094D2B4)
0xCB4AF4;pointeur;revue manuelle (valeur 0x0094D194)
0xCBA3CC;pointeur;revue manuelle (valeur 0x0094CBA4)
0xCBAF5C;pointeur;revue manuelle (valeur 0x0094D2B4)
0xCBB5BC;pointeur;revue manuelle (valeur 0x0094D15C)
0xCBC6BC;pointeur;revue manuelle (valeur 0x0094D4C0)
0xCC320C;pointeur;revue manuelle (valeur 0x0094D15C)
0xCC430C;pointeur;revue manuelle (valeur 0x0094D4C0)
0xCC4A7C;pointeur;revue manuelle (valeur 0x0094D15C)
0xCDA91C;pointeur;revue manuelle (valeur 0x0094CF98)
0xCFD92C;pointeur;revue manuelle (valeur 0x0094D5B0)
0xCFFCC4;pointeur;revue manuelle (valeur 0x0094D5B0)
0xD0FED4;pointeur;revue manuelle (valeur 0x0094D474)
0xD17814;pointeur;revue manuelle (valeur 0x0094CC10)
0xD3ACAC;pointeur;revue manuelle (valeur 0x0094D360)
0xD3ADDC;pointeur;revue manuelle (valeur 0x0094CAE4)
0xD41A3C;pointeur;revue manuelle (valeur 0x0094CC10)
0xD41B4C;pointeur;revue manuelle (valeur 0x0094CC10)
0xD422BC;pointeur;revue manuelle (valeur 0x0094D520)
0xD781FC;pointeur;revue manuelle (valeur 0x00A42800)
0xD78314;pointeur;revue manuelle (valeur 0x00A425E0)
0xD789F4;pointeur;revue manuelle (valeur 0x00A4237C)
0xD78BFC;pointeur;revue manuelle (valeur 0x00A42438)
0xD79004;pointeur;revue manuelle (valeur 0x00A423E4)
0xD79EF0;pointeur;revue manuelle (valeur 0x00A42C38)
0xD79F18;pointeur;revue manuelle (valeur 0x00A42E9C)
0xD79F68;pointeur;revue manuelle (valeur 0x00A42E0C)
0xD79F7C;pointeur;revue manuelle (valeur 0x00A42F98)
0xD79F90;pointeur;revue manuelle (valeur 0x00A42B3C)
0xD79FB8;pointeur;revue manuelle (valeur 0x00A42F08)
0xD79FCC;pointeur;revue manuelle (valeur 0x00A42C1C)
0xD7A120;pointeur;revue manuelle (valeur 0x00A42A88)
0xD7A1D4;pointeur;revue manuelle (valeur 0x00A42D74)
0xD7A378;pointeur;revue manuelle (valeur 0x00A42F54)
0xD7A59C;pointeur;revue manuelle (valeur 0x00A4329C)
0xD7A884;pointeur;revue manuelle (valeur 0x00A43D80)
0xD7A88C;pointeur;revue manuelle (valeur 0x00A4378C)
0xD8609C;pointeur;revue manuelle (valeur 0x00A45D88)
0xD86860;pointeur;revue manuelle (valeur 0x00A460EC)
0xD86864;pointeur;revue manuelle (valeur 0x00A44238)
0xD868CC;pointeur;revue manuelle (valeur 0x00A46620)
0xD868D0;pointeur;revue manuelle (valeur 0x00A474E8)
0xD86F00;pointeur;revue manuelle (valeur 0x00A46428)
0xD86F04;pointeur;revue manuelle (valeur 0x00A46E48)
0xD87534;pointeur;revue manuelle (valeur 0x00A46208)
0xD87538;pointeur;revue manuelle (valeur 0x00A46ABC)
0xD87B68;pointeur;revue manuelle (valeur 0x00A46344)
0xD87B6C;pointeur;revue manuelle (valeur 0x00A46DD4)
0xD8819C;pointeur;revue manuelle (valeur 0x00A4619C)
0xD881A0;pointeur;revue manuelle (valeur 0x00A47460)
0xD887D0;pointeur;revue manuelle (valeur 0x00A463E0)
0xD887D4;pointeur;revue manuelle (valeur 0x00A479F4)
0xD88E04;pointeur;revue manuelle (valeur 0x00A46548)
0xD88E08;pointeur;revue manuelle (valeur 0x00A46D18)
0xD89438;pointeur;revue manuelle (valeur 0x00A461E4)
0xD8943C;pointeur;revue manuelle (valeur 0x00A476F8)
0xD89A6C;pointeur;revue manuelle (valeur 0x00A463BC)
0xD89A70;pointeur;revue manuelle (valeur 0x00A470D8)
0xD8A0A0;pointeur;revue manuelle (valeur 0x00A465A4)
0xD8A0A4;pointeur;revue manuelle (valeur 0x00A4701C)
0xD8A6D4;pointeur;revue manuelle (valeur 0x00A462A4)
0xD8A6D8;pointeur;revue manuelle (valeur 0x00A47638)
0xD8AD08;pointeur;revue manuelle (valeur 0x00A4636C)
0xD8AD0C;pointeur;revue manuelle (valeur 0x00A478B8)
0xD8B33C;pointeur;revue manuelle (valeur 0x00A465FC)
0xD8B340;pointeur;revue manuelle (valeur 0x00A47BD8)
0xD8B970;pointeur;revue manuelle (valeur 0x00A4622C)
0xD8B974;pointeur;revue manuelle (valeur 0x00A47B28)
0xD8BFA4;pointeur;revue manuelle (valeur 0x00A461C0)
0xD8BFA8;pointeur;revue manuelle (valeur 0x00A46F54)
0xD8C5D8;pointeur;revue manuelle (valeur 0x00A4627C)
0xD8C5DC;pointeur;revue manuelle (valeur 0x00A47D20)
0xD8CC0C;pointeur;revue manuelle (valeur 0x00A46404)
0xD8CC10;pointeur;revue manuelle (valeur 0x00A46C44)
0xD8D240;pointeur;revue manuelle (valeur 0x009CCD64)
0xD8D244;pointeur;revue manuelle (valeur 0x00A47E7C)
0xD8D874;pointeur;revue manuelle (valeur 0x00A466E0)
0xD8D878;pointeur;revue manuelle (valeur 0x00A47DCC)
0xD8DEA8;pointeur;revue manuelle (valeur 0x00A462CC)
0xD8DEAC;pointeur;revue manuelle (valeur 0x00A47238)
0xD8E4DC;pointeur;revue manuelle (valeur 0x00A46178)
0xD8E4E0;pointeur;revue manuelle (valeur 0x00A4695C)
0xD8EB10;pointeur;revue manuelle (valeur 0x00A462F0)
0xD8EB14;pointeur;revue manuelle (valeur 0x00A46EBC)
0xD8F144;pointeur;revue manuelle (valeur 0x00A4615C)
0xD8F148;pointeur;revue manuelle (valeur 0x00A468D0)
0xD8F778;pointeur;revue manuelle (valeur 0x00A464E4)
0xD8F77C;pointeur;revue manuelle (valeur 0x00A47840)
0xD8FDAC;pointeur;revue manuelle (valeur 0x00A46314)
0xD8FDB0;pointeur;revue manuelle (valeur 0x00A47A98)
0xD903E0;pointeur;revue manuelle (valeur 0x00A465CC)
0xD903E4;pointeur;revue manuelle (valeur 0x00A47970)
0xD90A14;pointeur;revue manuelle (valeur 0x00A4644C)
0xD90A18;pointeur;revue manuelle (valeur 0x00A46BD4)
0xD91048;pointeur;revue manuelle (valeur 0x00A46484)
0xD9104C;pointeur;revue manuelle (valeur 0x00A477A8)
0xD9167C;pointeur;revue manuelle (valeur 0x00A464B0)
0xD91680;pointeur;revue manuelle (valeur 0x00A46B64)
0xD91CB0;pointeur;revue manuelle (valeur 0x00A46390)
0xD91CB4;pointeur;revue manuelle (valeur 0x00A48030)
0xD922E4;pointeur;revue manuelle (valeur 0x00A46570)
0xD922E8;pointeur;revue manuelle (valeur 0x00A47C8C)
0xD92918;pointeur;revue manuelle (valeur 0x00A46678)
0xD9291C;pointeur;revue manuelle (valeur 0x00A473AC)
0xD92F4C;pointeur;revue manuelle (valeur 0x00A466AC)
0xD92F50;pointeur;revue manuelle (valeur 0x00A4756C)
0xD93580;pointeur;revue manuelle (valeur 0x00A46648)
0xD93584;pointeur;revue manuelle (valeur 0x00A472F0)
0xD93BB4;pointeur;revue manuelle (valeur 0x00A46250)
0xD93BB8;pointeur;revue manuelle (valeur 0x00A47F48)
0xD941E8;pointeur;revue manuelle (valeur 0x00A46518)
0xD941EC;pointeur;revue manuelle (valeur 0x00A4718C)
0xD9481C;pointeur;revue manuelle (valeur 0x00A46710)
0xD94820;pointeur;revue manuelle (valeur 0x00A46A04)
0xD94E50;pointeur;revue manuelle (valeur 0x00A480C4)
0xD94E54;pointeur;revue manuelle (valeur 0x00A467C0)
0xD95484;pointeur;revue manuelle (valeur 0x00A480E0)
0xD95488;pointeur;revue manuelle (valeur 0x00A4674C)
0xD95AB8;pointeur;revue manuelle (valeur 0x00A480F0)
0xD95ABC;pointeur;revue manuelle (valeur 0x00A46828)
0xD96198;pointeur;revue manuelle (valeur 0x00A481D8)
0xD96368;pointeur;revue manuelle (valeur 0x00A48170)
0xD9636C;pointeur;revue manuelle (valeur 0x00A36FF8)
0xD963AC;pointeur;revue manuelle (valeur 0x00A486E0)
0xD9644C;pointeur;revue manuelle (valeur 0x00A486AC)
0xD96454;pointeur;revue manuelle (valeur 0x00A48740)
0xD96498;pointeur;revue manuelle (valeur 0x00A49360)
0xD9694C;pointeur;revue manuelle (valeur 0x00A429A4)
0xD96950;pointeur;revue manuelle (valeur 0x00A49584)
0xD96954;pointeur;revue manuelle (valeur 0x00A49584)
0xD96BC0;pointeur;revue manuelle (valeur 0x00A4F0F8)
0xD96BC4;pointeur;revue manuelle (valeur 0x00A4C934)
0xD97574;pointeur;revue manuelle (valeur 0x00A4F794)
0xD97578;pointeur;revue manuelle (valeur 0x00A4D890)
0xD986B4;pointeur;revue manuelle (valeur 0x00A4F1F4)
0xD986B8;pointeur;revue manuelle (valeur 0x00A4B538)
0xD99908;pointeur;revue manuelle (valeur 0x009E3448)
0xD99A1C;pointeur;revue manuelle (valeur 0x00A4EF60)
0xD9A4E4;pointeur;revue manuelle (valeur 0x009EC79C)
0xD9A5F8;pointeur;revue manuelle (valeur 0x009EC79C)
0xD9AA48;pointeur;revue manuelle (valeur 0x0094D2CC)
0xD9B0C0;pointeur;revue manuelle (valeur 0x0094CD54)
0xD9BEC4;pointeur;revue manuelle (valeur 0x0094D6BC)
0xD9C764;pointeur;revue manuelle (valeur 0x0094CE84)
0xD9CAA0;pointeur;revue manuelle (valeur 0x0094D2CC)
0xD9CBB4;pointeur;revue manuelle (valeur 0x009EC79C)
0xD9CDDC;pointeur;revue manuelle (valeur 0x0094D2F4)
0xD9D790;pointeur;revue manuelle (valeur 0x00A4AC90)
0xD9D794;pointeur;revue manuelle (valeur 0x00A4AED4)
0xD9D8A4;pointeur;revue manuelle (valeur 0x00A4ABEC)
0xD9D8A8;pointeur;revue manuelle (valeur 0x00A4AED4)
0xD9E6A8;pointeur;revue manuelle (valeur 0x00A4AC3C)
0xD9E6AC;pointeur;revue manuelle (valeur 0x00A4AE4C)
0xD9EAF8;pointeur;revue manuelle (valeur 0x00A4F2C0)
0xD9EAFC;pointeur;revue manuelle (valeur 0x00A4AE4C)
0xD9ED20;pointeur;revue manuelle (valeur 0x00A4FCD4)
0xD9ED24;pointeur;revue manuelle (valeur 0x00A4AE18)
0xD9F6D4;pointeur;revue manuelle (valeur 0x00A4FC80)
0xD9F6D8;pointeur;revue manuelle (valeur 0x00A4AF7C)
0xD9F7E8;pointeur;revue manuelle (valeur 0x00A4FC94)
0xD9F7EC;pointeur;revue manuelle (valeur 0x00A4AEB8)
0xD9FE94;pointeur;revue manuelle (valeur 0x0094CF98)
0xDA003C;pointeur;revue manuelle (valeur 0x00A502AC)
0xDA0054;pointeur;revue manuelle (valeur 0x00A4FE10)
0xDA0094;pointeur;revue manuelle (valeur 0x00A50B14)
0xDA00A4;pointeur;revue manuelle (valeur 0x00A285C4)
0xDA0604;pointeur;revue manuelle (valeur 0x0094D620)
0xDA2AEC;pointeur;revue manuelle (valeur 0x00A511A4)
0xDA2AF0;pointeur;revue manuelle (valeur 0x00A51088)
0xDA2B88;pointeur;revue manuelle (valeur 0x00A521A4)
0xDA2B8C;pointeur;revue manuelle (valeur 0x00A517C4)
0xDA2BD0;pointeur;revue manuelle (valeur 0x00A53A3C)
0xDA2C0C;pointeur;revue manuelle (valeur 0x00A53B6C)
0xDA36B0;pointeur;revue manuelle (valeur 0x00A5296C)
0xDA36B8;pointeur;revue manuelle (valeur 0x00A52438)
0xDA36F0;pointeur;revue manuelle (valeur 0x00A53BE0)
0xDA3734;pointeur;revue manuelle (valeur 0x00AA26C0)
0xDA3B34;pointeur;revue manuelle (valeur 0x00A93318)
0xDA3B3C;pointeur;revue manuelle (valeur 0x00A992F0)
0xDA3B44;pointeur;revue manuelle (valeur 0x00A58858)
0xDAA64C;pointeur;revue manuelle (valeur 0x00AFFE60)
0xDAA654;pointeur;revue manuelle (valeur 0x00B01E80)
0xDAA65C;pointeur;revue manuelle (valeur 0x00A83AA8)
0xDAD85C;pointeur;revue manuelle (valeur 0x00B3D5EC)
0xDAD864;pointeur;revue manuelle (valeur 0x00AFE474)
0xDADBB4;pointeur;revue manuelle (valeur 0x00B47B30)
0xDADBB8;pointeur;revue manuelle (valeur 0x00B473EC)
0xDADC00;pointeur;revue manuelle (valeur 0x00B47F7C)
0xDADC1C;imposteur;table des bonus de fin de combat (crash onWinLose)
0xDADD8C;pointeur;revue manuelle (valeur 0x00B481B8)
0xDADDEC;pointeur;revue manuelle (valeur 0x00B48128)
