clan_jp;occurrences_effets;clan_en;variantes_en;statut_effets;chaine_jeu_traduite;statut_chaine_jeu
ゴールドパラディン;122;Gold Paladin;;OK;ゴールドパラディン;JP non traduite
ペイルムーン;84;Pale Moon;;OK;ペイルムーン;JP non traduite
かげろう;80;Kagero;Kagerō (3);variantes EN;かげろう;JP non traduite
バミューダ△;80;Bermuda Triangle;;OK;バミューダ△;JP non traduite
アクアフォース;79;Aqua Force;;OK;アクアフォース;JP non traduite
ノヴァグラップラー;72;Nova Grappler;;OK;ノヴァグラップラー;JP non traduite
ロイヤルパラディン;65;Royal Paladin;;OK;ロイヤルパラディン;JP non traduite
ダークイレギュラーズ;65;Dark Irregulars;;OK;ダークイレギュラーズ;JP non traduite
グレートネイチャー;62;Great Nature;;OK;グレートネイチャー;JP non traduite
なるかみ;61;Narukami;;OK;なるかみ;JP non traduite
シャドウパラディン;59;Shadow Paladin;;OK;シャドウパラディン;JP non traduite
オラクルシンクタンク;57;Oracle Think Tank;;OK;オラクルシンクタンク;JP non traduite
グランブルー;53;Granblue;;OK;グランブルー;JP non traduite
エンジェルフェザー;53;Angel Feather;;OK;エンジェルフェザー;JP non traduite
ネオネクタール;49;Neo Nectar;;OK;ネオネクタール;JP non traduite
ジェネシス;45;Genesis;;OK;ジェネシス;JP non traduite
スパイクブラザーズ;44;Spike Brothers;;OK;スパイクブラザーズ;JP non traduite
リンクジョーカー;40;Link Joker;;OK;リンクジョーカー;JP non traduite
むらくも;40;Murakumo;;OK;むらくも;JP non traduite
ディメンジョンポリス;39;Dimension Police;;OK;ディメンジョンポリス;JP non traduite
たちかぜ;36;Tachikaze;;OK;たちかぜ;JP non traduite
メガコロニー;29;Megacolony;;OK;メガコロニー;JP non traduite
ぬばたま;14;Nubatama;;OK;ぬばたま;JP non traduite
クレイエレメンタル;3;Cray Elemental;;OK;クレイエレメンタル;JP non traduite
ギアクロニクル;1;Gear Chronicle;;OK;ギアクロニクル;JP non traduite
