cite_en;occurrences;statut;cite_jp;nom_en_attendu;coherence;cartes_qui_citent
Machining Hornet mk II;2;introuvable;マシニング・ホーネット mkⅡ;Machining Hornet mkII;DIFFÉRENT;Machining Scorpion mkII | Machining Tarantula mkII
Death Seeker, Thanatos;1;introuvable;デスシーカー タナトス;Deathseeker, Thanatos;DIFFÉRENT;Deathseeker, Thanatos
from your soul, and call it to @00 .;1;introuvable;ファイヤー・ジャグラー;Fire Juggler;DIFFÉRENT;Fire Juggler
Frozen Ogle;1;introuvable;フローズン・オーグル;Frozen Ogre;DIFFÉRENT;Bloody Ogle
Ambush Demonic Stealth Dragon, Homura Raider;1;introuvable;伏魔忍竜 ホムラレイダー;Ambush Demon Stealth Dragon, Homura Raider;DIFFÉRENT;Ambush Demon Stealth Dragon, Homura Raider
Dosage  Celestial, Asmodel;1;introuvable;投薬の守護天使 アスモデル;Dosage Celestial, Asmodel;DIFFÉRENT;Accident Celestial, Batarel
Dark Dragon, Phantom Blaster;2;partie de nom;暗黒竜 ファントム・ブラスター “Diablo”;"Dark Dragon, Phantom Blaster ""Diablo""";DIFFÉRENT;"Blaster Dark ""Diablo"" | Dark Dragon, Phantom Blaster ""Diablo"""
Battle Deity of the Night, Artemis;1;nom exact;黄昏の狩人 アルテミス;Twilight Hunter, Artemis;DIFFÉRENT;Aiming for the Stars, Artemis
Cleanup Celestial, Ramiel;1;partie de nom;粛清の守護天使 レミエル “Я”;"Cleanup Celestial, Ramiel ""Яeverse""";DIFFÉRENT;"Cleanup Celestial, Ramiel ""Яeverse"""
Covert Demonic Dragon, Hyakki Vogue;1;partie de nom;隠密魔竜 ヒャッキヴォーグ “Я”;"Covert Demonic Dragon, Hyakki Vogue ""Яeverse""";DIFFÉRENT;"Covert Demonic Dragon, Hyakki Vogue ""Яeverse"""
Sanctuary of Light, Planetal Dragon;1;nom exact;光の聖域 デタミネイター;Sanctuary of Light, Determinator;DIFFÉRENT;Sanctuary of Light, Planet Lancer
Restraint;7;introuvable;;;OK;Brutal Jack | Genie Soldat | Imperial Daughter | Imprisoned Fallen Angel, Saraqael | Stormride Ghost Ship
Limit Break 4;3;introuvable;;;OK;Battle Sister, Lollipop | Dark Elemental, Doxic | Jewel Knight, Sabremy
Twin Drive !!;2;introuvable;;;OK;Spectral Duke Dragon | Stern Blaukluger
Boost;2;introuvable;;;OK;Covert Demonic Dragon, Magatsu Typhoon | Edict Star-vader, Halcion
are nullified.;2;introuvable;;;OK;Dragon Knight, Imahd | Heroic Saga Dragon
Twin Drive!!;1;introuvable;;;OK;Dragonic Overlord
is nullified.;1;introuvable;;;OK;Super Dimensional Robo, Daikaiser
Narukami;1;introuvable;;;OK;Martial Arts General, Daim
in its card name, ride it at @10, and shuffle your deck.;1;introuvable;;;OK;Dimensional Robo, Daiheart
from your @02 , and put it on the bottom of your deck.;1;introuvable;;;OK;Steam Fighter, Balih
[Intercept];1;introuvable;;;OK;Jumpgal
Limit Break 5;1;introuvable;;;OK;Dark Elemental, Doxic
in its card name in your front row get @07+5000.;1;introuvable;魔女;;OK;White Snake Witch, Mint
Gallop;1;introuvable;ギャロップ;;OK;Cosmic Hero, Grandbeat
Intercept;1;introuvable;;;OK;Edict Star-vader, Halcion
cannot be hit;1;introuvable;;;OK;True Ultimate Dimensional Robo, Great Daikaiser
Liberator;41;partie de nom;解放者;;OK;Barcgal Liberator | Blaster Blade Liberator | Bluish Flame Liberator, Percival | Bluish Flame Liberator, Prominence Core | Butterfly Liberator, Korderia
Seeker;26;partie de nom;探索者;;OK;Blaster Blade Seeker | Bravogal Seeker | Composed Seeker, Lucius | Energy Seeker, Maddan | Forthright Seeker, Egbert
Jewel Knight;25;partie de nom;宝石騎士;;OK;"Blowing Jewel Knight, Altgaro | Broken Heart Jewel Knight, Ashlei ""Яeverse"" | Desire Jewel Knight, Heloise | Dogmatize Jewel Knight, Sybill | Dreaming Jewel Knight, Tiffany"
Eradicator;23;partie de nom;抹消者;;OK;Ambush Dragon Eradicator, Linchu | Assassin Sword Eradicator, Susei | Assault Eradicator, Saikei | Double Gun Eradicator, Hakusho | Eradicator, Blade Hang Dracokid
Duo;21;partie de nom;Duo;;OK;Duo Beast Ear, Lu Lu | Duo Beloved Child of the Sea Palace, Minamo | Duo Blue Marine Chateau, Thames | Duo Delicious Girl, Ciao | Duo Falling Heart, Victoria
Revenger;19;partie de nom;撃退者;;OK;"Barrier Troop Revenger, Dorint | Blaster Dark Revenger | Blaster Dark Revenger ""Abyss"" | Cursed Spear Revenger, Diarmuid | Dark Cloak Revenger, Tartu"
Machining;19;partie de nom;マシニング;;OK;Carapace Mutant Deity, Machining Destroyer | Machining Caucasus | Machining Cicada | Machining Firefly | Machining Little Bee
Witch;17;partie de nom;魔女;;OK;Cultus Witch, Rias | Inspection Witch, Deirdre | White Snake Witch, Mint | Witch of Attraction, Adora | Witch of Black Doves, Goewin
Dimensional Robo;16;partie de nom;次元ロボ;;OK;"Dark Dimensional Robo, ""Яeverse"" Daiyusha | Dimensional Robo Operator, Yuka | Dimensional Robo, Daibarrett | Dimensional Robo, Daidragon | Dimensional Robo, Daidriller"
Deletor;16;partie de nom;根絶者;;OK;Clipping Deletor, Evo | Cramping Deletor, Edy | Daunting Deletor, Oksizz | Docking Deletor, Greion | Ill-fate Deletor, Drown
Musketeer;16;partie de nom;銃士;;OK;Blue Rose Musketeer, Ernst | Camellia Musketeer, Tamara | Cherry Blossom Musketeer, Augusto | Gardenia Musketeer, Alain | Gypsophila Musketeer, Raisa
Я;15;partie de nom;Я;;OK;"Edict Star-vader, Halcion | Engraving Star-vader, Praseodymium | Planet Collapse Star-vader, Erbium | Star-vader, ""Omega"" Glendios | Star-vader, ""Яeverse"" Cradle"
Blaster;14;partie de nom;ブラスター;;OK;"Apocalypse Bat | Arduous Battle Knight, Claudas | Blaster Dark ""Diablo"" | Bloodstained Battle Knight, Dorint | Dark Heart Trumpeter"
Star-vader;13;partie de nom;星輝兵;;OK;Chain-battle Star-vader, Technetium | Companion Star Star-vader, Photon | Deception Star-vader, Nickel | Star-vader, Blaster Joker | Star-vader, Chaos Breaker Dragon
Silver Thorn;13;partie de nom;銀の茨;;OK;Silver Thorn Assistant, Ionela | Silver Thorn Assistant, Irina | Silver Thorn Assistant, Zelma | Silver Thorn Beast Handler, Ana | Silver Thorn Beast Handler, Emile
Raizer;13;partie de nom;ライザー;;OK;Carvingraizer | Energyraizer | Katanaraizer | Masuraoraizer | Perfect Raizer
Blaster Blade;12;nom exact;ブラスター・ブレード;Blaster Blade;OK;Alfred Early | Exculpate the Blaster | Future Knight, Llew | Light Source Seeker, Alfred Exiv | Majesty Lord Blaster
Alfred;12;partie de nom;アルフレッド;;OK;Guidepost Sage, Elron | King of Knights, Ezzell | King's Adjutant Knight, Galehaut | Knight of the Gale, Hudiplus | Lion Mane Stallion
Celestial;11;partie de nom;守護天使;;OK;"Cleanup Celestial, Ramiel ""Яeverse"" | Control Celestial, He-el | Emergency Celestial, Danielle | First Aid Celestial, Peniel | Holy Celestial, Mikhael"
Battle Sister;11;partie de nom;バトルシスター;;OK;Battle Sister, Cocotte | Battle Sister, Fromage | Battle Sister, Gelee | Battle Sister, Macaron | Battle Sister, Marshmallow
Beast Deity;10;partie de nom;獣神;;OK;Beast Deity, Blank Marsh | Beast Deity, Brainy Papio | Beast Deity, Hatred Chaos | Beast Deity, Hilarity Destroyer | Beast Deity, Max Beat
Amon;10;partie de nom;アモン;;OK;Amon's Follower, Barmaid Grace | Amon's Follower, Grausam | Amon's Follower, Hell's Draw | Amon's Follower, Hell's Nail | Amon's Follower, Ron Geenlin
Regalia;9;partie de nom;神器;;OK;Apple Witch, Cider | Goddess of Trees, Jupiter | Midday Regalia, Hemera | Onmyo Regalia, Nega-keiopojisis | Ordain Owl
Ancient Dragon;9;partie de nom;古代竜;;OK;Ancient Dragon, Beamankylo | Ancient Dragon, Dinocrowd | Ancient Dragon, Iguanogorg | Ancient Dragon, Knightarmor | Ancient Dragon, Tyrannolegend
PR♥ISM;9;partie de nom;PR♥ISM;;OK;Legendary PR♥ISM-Duo, Nectaria | PR♥ISM-Duo, Tisza | PR♥ISM-Promise, Labrador | PR♥ISM-Promise, Princess Celtic | PR♥ISM-Promise, Princess Labrador
Blau;8;partie de nom;ブラウ;;OK;Blade Arm Leprechaun | Galaxy Blaukluger | Grosse Baer | Mars Blaukluger | Merkur Blaukluger
Blaster Blade Seeker;7;nom exact;ブラスター・ブレード・探索者;Blaster Blade Seeker;OK;Advance Party Seeker, File | Energy Seeker, Maddan | Grynngal Seeker | Light Source Seeker, Alfred Exiv | Rousing Seeker, Aremil
Blaster Dark;7;nom exact;ブラスター・ダーク;Blaster Dark;OK;Demon World Castle, DonnerSchlag | Doranbau | Fullbau | Majesty Lord Blaster | Phantom Blaster Dragon
Blaster Blade Liberator;7;nom exact;ブラスター・ブレード・解放者;Blaster Blade Liberator;OK;Barcgal Liberator | Liberator, Monarch Sanctuary Alfred | Liberator, Star Rain Trumpeter | Red Rainbow Liberator, Balin | White Rainbow Liberator, Balan
Seal Dragon;7;partie de nom;封竜;;OK;Flame Star Seal Dragon Knight | Hellfire Seal Dragon, Blockade Inferno | Seal Dragon, Corduroy | Seal Dragon, Gariserge | Seal Dragon, Jacquard
Brawler;6;partie de nom;喧嘩屋;;OK;Brawler, Big Bang Knuckle Dragon | Brawler, Big Bang Slash Dragon | Brawler, Earthcrack Dragon | Brawler, Skyhowl Dragon | Brawler, Wildfist Dragon
Covert Demonic Dragon, Magatsu Storm;6;nom exact;隠密魔竜 マガツストーム;Covert Demonic Dragon, Magatsu Storm;OK;Covert Demonic Dragon, Magatsu Storm | Covert Demonic Dragon, Magatsu Typhoon | Stealth Dragon, Magatsu Gale | Stealth Dragon, Magatsu Wind | Stealth Dragon, Royale Nova
Maelstrom;6;partie de nom;メイルストローム;;OK;Blue Storm Cadet, Marios | Blue Storm Marine General, Despina | Blue Storm Marshal Dragon, Admiral Maelstrom | Blue Storm Soldier, Rascal Sweeper | Deck Sweeper
Perdition;6;partie de nom;煉獄;;OK;Perdition Battler, Maleikoh | Perdition Berserker, Preta | Perdition Dancer, Anna | Perdition Dragon, Menace Laser Dragon | Perdition Dragon, Whirlwind Dragon
Military Dragon, Raptor Sergeant;5;nom exact;軍竜 ラプトル・サージェント;Military Dragon, Raptor Sergeant;OK;Military Dragon, Raptor Captain | Military Dragon, Raptor Sergeant | Military Dragon, Raptor Soldier
Stealth Dragon, Magatsu Gale;5;nom exact;忍竜 マガツゲイル;Stealth Dragon, Magatsu Gale;OK;Covert Demonic Dragon, Magatsu Storm | Stealth Dragon, Magatsu Breath | Stealth Dragon, Magatsu Wind | Stealth Dragon, Royale Nova
Ezel;5;partie de nom;エイゼル;;OK;Burning Scale Knight, Eliwood | Dreaming Sage, Corron | Knight of Passion, Bagdemagus | Sacred Twin Beast, White Lion | Scarlet Lion Cub, Caria
Metalborg;5;partie de nom;鋼闘機;;OK;Metalborg, Barrengrader | Metalborg, Blackboi | Metalborg, Grasscutter | Metalborg, Lionetter | Metalborg, Magmafork
Top Idol, Riviere;5;nom exact;トップアイドル リヴィエール;Top Idol, Riviere;OK;Bermuda Triangle Cadet, Riviere | Rising Star, Trois | Super Idol, Riviere | Top Idol, Riviere
Enigman;5;partie de nom;イニグマン;;OK;Enigman Cloud | Enigman Night Sky | Enigman Sunset | Enigman Tornado
Overlord;4;partie de nom;オーバーロード;;OK;Burning Horn Dragon | Dragonic Burnout | Flame of Promise, Aermo | Lizard Soldier, Fargo
Heavenly Injector;4;nom exact;ヘブンリー・インジェクター;Heavenly Injector;OK;Fate Healer, Ergodiel | Miracle Feather Nurse
Law Official, Lox;4;nom exact;護法官 ロックス;Law Official, Lox;OK;Bringer of Knowledge, Lox | Guardian of Truth, Lox | Red Pencil Rhino | Schoolyard Prodigy, Lox
Guardian of Truth, Lox;4;nom exact;真理の守護者 ロックス;Guardian of Truth, Lox;OK;Guardian of Truth, Lox | Law Official, Lox | Red Pencil Rhino | Schoolyard Prodigy, Lox
Bringer of Knowledge, Lox;4;nom exact;知識の運び手 ロックス;Bringer of Knowledge, Lox;OK;Law Official, Lox | Schoolyard Prodigy, Lox
Military Dragon, Raptor Captain;4;nom exact;軍竜 ラプトル・キャプテン;Military Dragon, Raptor Captain;OK;Military Dragon, Raptor Captain | Military Dragon, Raptor Colonel | Military Dragon, Raptor Sergeant | Military Dragon, Raptor Soldier
Eye of Destruction, Zeal;4;nom exact;滅びの瞳 ズィール;Eye of Destruction, Zeal;OK;Devourer of Planets, Zeal | Larva Beast, Zeal
Arboros Dragon, Branch;4;nom exact;アルボロス・ドラゴン “若枝”;Arboros Dragon, Branch;OK;Arboros Dragon, Ratoon | Arboros Dragon, Timber
Stealth Dragon, Magatsu Breath;4;nom exact;忍竜 マガツブレス;Stealth Dragon, Magatsu Breath;OK;Stealth Dragon, Magatsu Gale | Stealth Dragon, Magatsu Wind
Twilight Hunter, Artemis;4;nom exact;黄昏の狩人 アルテミス;Twilight Hunter, Artemis;OK;Aiming for the Stars, Artemis | Battle Deity of the Night, Artemis | Bowstring of Heaven and Earth, Artemis
Bowstring of Heaven and Earth, Artemis;4;nom exact;天地の弓弦 アルテミス;Bowstring of Heaven and Earth, Artemis;OK;Aiming for the Stars, Artemis | Twilight Hunter, Artemis
Rising Ripple, Pavroth;4;nom exact;高まる波紋 パヴロス;Rising Ripple, Pavroth;OK;Silent Ripple, Sotirio | Starting Ripple, Alecs | Thundering Ripple, Genovious
Silent Ripple, Sotirio;4;nom exact;静かなる波紋 ソティリオ;Silent Ripple, Sotirio;OK;Rising Ripple, Pavroth | Starting Ripple, Alecs
Gravity Collapse Dragon;4;nom exact;グラヴィティコラプス・ドラゴン;Gravity Collapse Dragon;OK;Gravity Ball Dragon | Micro-hole Dracokid | Schwarzschild Dragon
Blaster Dark Revenger;4;nom exact;ブラスター・ダーク・撃退者;Blaster Dark Revenger;OK;"Barrier Troop Revenger, Dorint | Frontline Revenger, Claudas | Haarbau Revenger | Revenger, Phantom Blaster ""Abyss"""
Gravity Ball Dragon;4;nom exact;グラヴィティボール・ドラゴン;Gravity Ball Dragon;OK;Gravity Collapse Dragon | Micro-hole Dracokid
Sanctuary of Light, Determinator;4;nom exact;光の聖域 デタミネイター;Sanctuary of Light, Determinator;OK;Sanctuary of Light, Little Storm | Sanctuary of Light, Planet Lancer | Sanctuary of Light, Planetal Dragon
Ashlei;4;partie de nom;アシュレイ;;OK;Banding Jewel Knight, Miranda | Security Jewel Knight, Alwain
Sanctuary of Light, Little Storm;4;nom exact;光の聖域 リトルストーム;Sanctuary of Light, Little Storm;OK;Sanctuary of Light, Determinator | Sanctuary of Light, Planet Lancer
Blue Storm;4;partie de nom;蒼嵐;;OK;Blue Storm Battle Princess, Crysta Elizabeth | Blue Storm Marine General, Gregorios | Blue Storm Marine General, Lysandros | Blue Storm Soldier, Tempest Blader
Chronojet;4;partie de nom;クロノジェット;;OK;Glimmer Breath Dragon | Heart Thump Worker | Steam Breath Dragon | Steam Fighter, Ur-ningin
Bluish Flame;4;partie de nom;青き炎;;OK;Ascendant Liberator, Barbtruc | Bluish Flame Liberator, Prominence Glare | Regulation Liberator, Aglovale
Super Idol, Riviere;4;nom exact;スーパーアイドル リヴィエール;Super Idol, Riviere;OK;Bermuda Triangle Cadet, Riviere | Mermaid Idol, Riviere | Rising Star, Trois | Top Idol, Riviere
Mermaid Idol, Riviere;4;nom exact;マーメイドアイドル リヴィエール;Mermaid Idol, Riviere;OK;Bermuda Triangle Cadet, Riviere | Super Idol, Riviere
Scout of Darkness, Vortimer;4;nom exact;漆黒の先駆け ヴォーティマー;Scout of Darkness, Vortimer;OK;Black Dragon Knight, Vortimer | Black Dragon Whelp, Vortimer
Death Army;4;partie de nom;デスアーミー;;OK;Death Army Bishop | Death Army Knight | Death Army Pawn | Infinite Corrosion Form, Death Army Cosmo Lord
Shiny Star, Coral;4;nom exact;シャイニースター コーラル;Shiny Star, Coral;OK;Angelic Star, Coral | Aurora Star, Coral | Fresh Star, Coral
Fresh Star, Coral;4;nom exact;フレッシュスター コーラル;Fresh Star, Coral;OK;Angelic Star, Coral | Shiny Star, Coral
Transcendence Dragon, Dragonic Nouvelle Vague;4;nom exact;超越龍 ドラゴニック・ヌーベルバーグ;Transcendence Dragon, Dragonic Nouvelle Vague;OK;Dragon Knight, Ashgar | Nouvellecritic Dragon | Nouvelleroman Dragon | Transcendence Dragon, Dragonic Nouvelle Vague
Pacifica;4;partie de nom;パシフィカ;;OK;Duo Dream Idol, Sana | Twinkle Happiness☆, Pacifica
Goddess of the Crescent Moon, Tsukuyomi;3;nom exact;三日月の女神 ツクヨミ;Goddess of the Crescent Moon, Tsukuyomi;OK;Goddess of the Full Moon, Tsukuyomi | Goddess of the Half Moon, Tsukuyomi | Godhawk, Ichibyoshi
Enigman Wave;3;nom exact;イニグマン・ウェーブ;Enigman Wave;OK;Enigman Flow | Enigman Storm | Enigroid Comrade
Elite Mutant, Giraffa;3;nom exact;エリート怪人 ギラファ;Elite Mutant, Giraffa;OK;Evil Armor General, Giraffa | Ironcutter Beetle | Larva Mutant, Giraffa
Amber Dragon, Dusk;3;nom exact;アンバー・ドラゴン “黄昏”;Amber Dragon, Dusk;OK;Amber Dragon, Dawn | Amber Dragon, Eclipse | Lava Arm Dragon
Blaukluger;3;nom exact;ブラウクリューガー;Blaukluger;OK;Blaujunger | Eisenkugel | Stern Blaukluger
Snogal;3;nom exact;すのうがる;Snogal;OK;Fang of Light, Garmore | Snogal
Brugal;3;nom exact;ぶるうがる;Brugal;OK;Brugal | Fang of Light, Garmore
Phantom Blaster Dragon;3;nom exact;ファントム・ブラスター・ドラゴン;Phantom Blaster Dragon;OK;Blaster Javelin | Demon World Castle, DonnerSchlag | Phantom Blaster Overlord
Stern Blaukluger;3;nom exact;シュテルン・ブラウクリューガー;Stern Blaukluger;OK;Blaupanzer | Eisenkugel | Galaxy Blaukluger
Dragonic Overlord;3;nom exact;ドラゴニック・オーバーロード;Dragonic Overlord;OK;"Dragonic Overlord ""The X"" | Dragonic Overlord the End | Eternal Bringer Griffin"
Dragonic Overlord the End;3;nom exact;ドラゴニック・オーバーロード・ジ・エンド;Dragonic Overlord the End;OK;"Doom Bringer Griffin | Dragonic Overlord ""The X"" | Dragonic Overlord the End"
Beast Deity, Azure Dragon;3;nom exact;獣神 アズール・ドラゴン;Beast Deity, Azure Dragon;OK;Beast Deity, Azure Dragon | Beast Deity, Black Tortoise | Ultra Beast Deity, Illuminal Dragon
Fate Healer, Ergodiel;3;nom exact;運命の癒し手 エルゴディエル;Fate Healer, Ergodiel;OK;Cosmo Healer, Ergodiel | Heavenly Injector | Miracle Feather Nurse
Cosmo Healer, Ergodiel;3;nom exact;星辰の癒し手 エルゴディエル;Cosmo Healer, Ergodiel;OK;Cosmo Healer, Ergodiel | Fate Healer, Ergodiel | Miracle Feather Nurse
Ice Prison Necromancer, Cocytus;3;nom exact;氷獄の死霊術師 コキュートス;Ice Prison Necromancer, Cocytus;OK;"Dragon Spirit | Ice Prison Hades Emperor, Cocytus ""Яeverse"" | Skeleton Demon World Knight"
Devourer of Planets, Zeal;3;nom exact;星を喰う者 ズィール;Devourer of Planets, Zeal;OK;Eye of Destruction, Zeal | Galactic Beast, Zeal | Larva Beast, Zeal
Arboros Dragon, Timber;3;nom exact;アルボロス・ドラゴン “樹”;Arboros Dragon, Timber;OK;Arboros Dragon, Branch | Arboros Dragon, Ratoon | Arboros Dragon, Sephirot
Galactic Beast, Zeal;3;nom exact;銀河超獣 ズィール;Galactic Beast, Zeal;OK;Devourer of Planets, Zeal | Larva Beast, Zeal | New Era Beast, Zeal
Stealth Beast, Gigantoad;3;nom exact;忍獣 ギガントード;Stealth Beast, Gigantoad;OK;Stealth Beast, Gigantoad | Stealth Rogue of Summoning, Jiraiya
Solidify Celestial, Zerachiel;3;nom exact;団結の守護天使 ザラキエル;Solidify Celestial, Zerachiel;OK;Order Celestial, Yeqon | Solidify Celestial, Zerachiel | Underlay Celestial, Hesediel
Schwarzschild Dragon;3;nom exact;シュヴァルツシルト・ドラゴン;Schwarzschild Dragon;OK;Micro-hole Dracokid | Schwarzschild Dragon
Dungaree;3;partie de nom;ダンガリー;;OK;Exorcist Mage, Dan Dan | Resonance Hammer Wielding Exorcist Knight | Whirlwind Axe Wielding Exorcist Knight
Micro-hole Dracokid;3;nom exact;マイクロホール・ドラコキッド;Micro-hole Dracokid;OK;Gravity Ball Dragon | Gravity Collapse Dragon
Sanctuary of Light;3;partie de nom;光の聖域;;OK;Sanctuary of Light, Determinator | Sanctuary of Light, Planetal Dragon
Sanctuary of Light, Planet Lancer;3;nom exact;光の聖域 プラネットランサー;Sanctuary of Light, Planet Lancer;OK;Sanctuary of Light, Determinator | Sanctuary of Light, Little Storm
Big Bang Knuckle;3;partie de nom;ビッグバンナックル;;OK;Brawler, Big Bang Knuckle Buster | Brawler, Big Bang Slash Buster
Magus;3;partie de nom;メイガス;;OK;Cuore Magus | Paisley Magus | Pentagonal Magus
Altmile;3;partie de nom;アルトマイル;;OK;Bringer of Dreams, Belenus | Knight of Refinement, Benizel | Knight of Reform, Pir
Supremacy Black Dragon, Aurageyser Dragon;3;nom exact;覇道黒竜 オーラガイザー・ドラゴン;Supremacy Black Dragon, Aurageyser Dragon;OK;Supremacy Black Dragon, Aurageyser Doomed | Supremacy Black Dragon, Aurageyser Dragon
Claret Sword Dragon;3;partie de nom;クラレットソード・ドラゴン;;OK;Darkpride Dragon | Darkquartz Dragon | Taboo Mage, Cafar
Ranunculus;3;partie de nom;ラナンキュラス;;OK;Early-flowering Maiden, Pia | Flower Chamber Maiden, Salianna | Flower Garden Maiden, Mylis
Sanctuary Guard;3;partie de nom;サンクチュアリガード;;OK;Holy Dragon, Sanctuary Guard Regalie | Sanctuary Archer
Black Dragon Knight, Vortimer;3;nom exact;黒竜の騎士 ヴォーティマー;Black Dragon Knight, Vortimer;OK;Black Dragon Whelp, Vortimer | Scout of Darkness, Vortimer | Spectral Duke Dragon
King of Knights, Alfred;3;nom exact;騎士王 アルフレッド;King of Knights, Alfred;OK;King of Knights' Vanguard, Ezzell | Swordsman of Light, Blaster Rapier Laura
Super Dimensional Robo, Daikaiser;3;nom exact;超次元ロボ ダイカイザー;Super Dimensional Robo, Daikaiser;OK;Dimensional Robo, Kaisergrader | Super Dimensional Robo, Shadowkaiser | Ultimate Dimensional Robo, Great Daikaiser
 ;2;partie de nom;;;OK;"Blaster Dark ""Diablo"" | Haarbau Revenger"
Future Knight, Llew;2;nom exact;未来の騎士 リュー;Future Knight, Llew;OK;Barcgal | Future Knight, Llew
Flogal;2;nom exact;ふろうがる;Flogal;OK;Barcgal | Future Knight, Llew
Embodiment of Armor, Bahr;2;nom exact;鎧の化身 バー;Embodiment of Armor, Bahr;OK;Dragon Knight, Aleph | Embodiment of Victory, Aleph
Embodiment of Spear, Tahr;2;nom exact;槍の化身 ター;Embodiment of Spear, Tahr;OK;Dragon Knight, Aleph | Embodiment of Victory, Aleph
Goddess of the Half Moon, Tsukuyomi;2;nom exact;半月の女神 ツクヨミ;Goddess of the Half Moon, Tsukuyomi;OK;Goddess of the Crescent Moon, Tsukuyomi | Goddess of the Full Moon, Tsukuyomi
Godhawk, Ichibyoshi;2;nom exact;神鷹 一拍子;Godhawk, Ichibyoshi;OK;Goddess of the Full Moon, Tsukuyomi | Goddess of the Half Moon, Tsukuyomi
Werwolf Sieger;2;nom exact;ヴェアヴォルフ・ズィーガー;Werwolf Sieger;OK;Edel Rose
Crimson Beast Tamer;2;nom exact;クリムゾン・ビーストテイマー;Crimson Beast Tamer;OK;Barking Manticore | Crimson Beast Tamer
Knight of Tribulations, Galahad;2;nom exact;試練の騎士 ガラハッド;Knight of Tribulations, Galahad;OK;Knight of Godly Speed, Galahad | Knight of Quests, Galahad
Knight of Quests, Galahad;2;nom exact;探求の騎士 ガラハッド;Knight of Quests, Galahad;OK;Drangal | Knight of Godly Speed, Galahad
Knight of Godly Speed, Galahad;2;nom exact;神速の騎士 ガラハッド;Knight of Godly Speed, Galahad;OK;Knight of Tribulations, Galahad
Enigman Ripple;2;nom exact;イニグマン・リプル;Enigman Ripple;OK;Enigman Flow | Enigman Wave
Pupa Mutant, Giraffa;2;nom exact;蛹怪人 ギラファ;Pupa Mutant, Giraffa;OK;Elite Mutant, Giraffa | Larva Mutant, Giraffa
Amber Dragon, Daylight;2;nom exact;アンバー・ドラゴン “白日”;Amber Dragon, Daylight;OK;Amber Dragon, Dawn | Amber Dragon, Dusk
Blaupanzer;2;nom exact;ブラウパンツァー;Blaupanzer;OK;Blaujunger | Blaukluger
Blaster Javelin;2;nom exact;ブラスター・ジャベリン;Blaster Javelin;OK;Blaster Dark | Fullbau
Enigman Storm;2;nom exact;イニグマン・ストーム;Enigman Storm;OK;Enigman Ripple | Enigroid Comrade
Evil Armor General, Giraffa;2;nom exact;邪甲将軍 ギラファ;Evil Armor General, Giraffa;OK;Ironcutter Beetle | Pupa Mutant, Giraffa
Amber Dragon, Eclipse;2;nom exact;アンバー・ドラゴン “蝕”;Amber Dragon, Eclipse;OK;Amber Dragon, Daylight | Lava Arm Dragon
Covert Demonic Dragon, Mandala Lord;2;nom exact;隠密魔竜 マンダラロード;Covert Demonic Dragon, Mandala Lord;OK;Covert Demonic Dragon, Mandala Lord | Stealth Dragon, Cursed Breath
Phantom Blaster Overlord;2;nom exact;ファントム・ブラスター・オーバーロード;Phantom Blaster Overlord;OK;Phantom Blaster Overlord | Phantom Bringer Demon
Maiden of Trailing Rose;2;nom exact;メイデン・オブ・トレイリングローズ;Maiden of Trailing Rose;OK;Maiden of Rambling Rose | Maiden of Trailing Rose
Knight of Verdure, Gene;2;nom exact;若葉の騎士 ジーン;Knight of Verdure, Gene;OK;Blade Seed Squire | Knight of Harvest, Gene
Incandescent Lion, Blond Ezel;2;nom exact;灼熱の獅子 ブロンドエイゼル;Incandescent Lion, Blond Ezel;OK;Blazing Lion, Platina Ezel | Crimson Lion Cub, Kyrph
Miracle Feather Nurse;2;nom exact;ミラクルフェザー・ナース;Miracle Feather Nurse;OK;Heavenly Injector
Magician of Quantum Mechanics;2;nom exact;量子力学の魔法使い;Magician of Quantum Mechanics;OK;Magician of Quantum Mechanics
Schoolyard Prodigy, Lox;2;nom exact;学び舎の神童 ロックス;Schoolyard Prodigy, Lox;OK;Bringer of Knowledge, Lox
Arboros Dragon, Sephirot;2;nom exact;アルボロス・ドラゴン “聖樹”;Arboros Dragon, Sephirot;OK;Arboros Dragon, Ratoon | Arboros Dragon, Timber
Military Dragon, Raptor Colonel;2;nom exact;軍竜 ラプトル・カーネル;Military Dragon, Raptor Colonel;OK;Military Dragon, Raptor Captain | Military Dragon, Raptor Soldier
Larva Beast, Zeal;2;nom exact;幼生獣 ズィール;Larva Beast, Zeal;OK;Eye of Destruction, Zeal
Arboros Dragon, Ratoon;2;nom exact;アルボロス・ドラゴン “新芽”;Arboros Dragon, Ratoon;OK;Arboros Dragon, Branch
Military Dragon, Raptor Soldier;2;nom exact;軍竜 ラプトル・ソルジャー;Military Dragon, Raptor Soldier;OK;Military Dragon, Raptor Sergeant
CEO Amaterasu;2;nom exact;ＣＥＯ アマテラス;CEO Amaterasu;OK;Goddess of the Sun, Amaterasu | Goddess of the Treasured Mirror, Ohirume
Dragonic Kaiser Vermillion;2;nom exact;ドラゴニック・カイザー・ヴァーミリオン;Dragonic Kaiser Vermillion;OK;"Dragonic Kaiser Crimson | Dragonic Kaiser Vermillion ""THE BLOOD"""
Stealth Dragon, Magatsu Wind;2;nom exact;忍竜 マガツウインド;Stealth Dragon, Magatsu Wind;OK;Stealth Dragon, Magatsu Breath
Crimson Impact, Metatron;2;nom exact;真紅の奇跡 メタトロン;Crimson Impact, Metatron;OK;Crimson Heart, Nahas | Crimson Roar, Metatron
Aiming for the Stars, Artemis;2;nom exact;星を射る弓 アルテミス;Aiming for the Stars, Artemis;OK;Bowstring of Heaven and Earth, Artemis
Eradicator, Dragonic Descendant;2;nom exact;抹消者 ドラゴニック・ディセンダント;Eradicator, Dragonic Descendant;OK;Eradicator, Strike-dagger Dragon | Sword Dance Eradicator, Hisen
Thundering Ripple, Genovious;2;nom exact;轟く波紋 ジノビオス;Thundering Ripple, Genovious;OK;Starting Ripple, Alecs | Thundering Ripple, Genovious
Starting Ripple, Alecs;2;nom exact;始まりの波紋 アレックス;Starting Ripple, Alecs;OK;Silent Ripple, Sotirio
Mass Production Sailor;2;nom exact;マスプロ・セイラー;Mass Production Sailor;OK;Mass Production Sailor
Revenger, Raging Form Dragon;2;nom exact;撃退者 レイジングフォーム・ドラゴン;Revenger, Raging Form Dragon;OK;Malice Revenger, Dylan | Revenger, Raging Form Dragon
Demon World Marquis, Amon;2;nom exact;魔界侯爵 アモン;Demon World Marquis, Amon;OK;"Amon's Leader, Astaroth | Demon Marquis, Amon ""Яeverse"""
Wash Up Racoon;2;nom exact;ウォッシュアップ・ラクーン;Wash Up Racoon;OK;Wash Up Racoon
Solitary Liberator, Gancelot;2;nom exact;孤高の解放者 ガンスロッド;Solitary Liberator, Gancelot;OK;Liberator of Bonds, Gancelot Zenith | Sharp Point Liberator, Gold Lancer
Dauntless;2;partie de nom;ドーントレス;;OK;Dominate Drive Dragon | Dragon Knight, Akram
Gancelot;2;partie de nom;ガンスロッド;;OK;Flying Sword Liberator, Gorlois
Illusionary Revenger, Mordred Phantom;2;nom exact;幽幻の撃退者 モルドレッド・ファントム;Illusionary Revenger, Mordred Phantom;OK;Revenger, Dragruler Phantom | Sharp Point Revenger, Shadow Lancer
Phantom;2;partie de nom;ファントム;;OK;Eloquence Revenger, Glonn | Judgebau Revenger
Brawler, Big Bang Knuckle Dragon;2;nom exact;喧嘩屋 ビッグバンナックル・ドラゴン;Brawler, Big Bang Knuckle Dragon;OK;Brawler, Big Bang Knuckle Buster | Brawler, Igo
Juxtapose Deletor, Gaele;2;nom exact;並列する根絶者 ゲヰール;Juxtapose Deletor, Gaele;OK;Juxtapose Deletor, Zaele
Star-vader, Blaster Joker;2;nom exact;星輝兵 ブラスター・ジョーカー;Star-vader, Blaster Joker;OK;Infinitesimal Star-vader, Mayoron | Star-vader of Silence, Dilaton
Battleraizer;2;nom exact;バトルライザー;Battleraizer;OK;Hi-powered Raizer Custom | Raizer Custom
Bermuda Triangle Cadet, Riviere;2;nom exact;バミューダ△候補生 リヴィエール;Bermuda Triangle Cadet, Riviere;OK;Mermaid Idol, Riviere
Dudley;2;partie de nom;ダッドリー;;OK;Demonic Lord, Dudley Lucifer | Jelly Beans
Spectral Duke Dragon;2;nom exact;スペクトラル・デューク・ドラゴン;Spectral Duke Dragon;OK;Black Dragon Knight, Vortimer | Black Dragon Whelp, Vortimer
Black Dragon Whelp, Vortimer;2;nom exact;幼き黒竜 ヴォーティマー;Black Dragon Whelp, Vortimer;OK;Scout of Darkness, Vortimer
Top Idol, Pacifica;2;nom exact;トップアイドル パシフィカ;Top Idol, Pacifica;OK;Eternal Idol, Pacifica | Planet Idol, Pacifica
Aurora Star, Coral;2;nom exact;オーロラスター コーラル;Aurora Star, Coral;OK;Angelic Star, Coral | Shangri-La Star, Coral
Angelic Star, Coral;2;nom exact;エンジェリックスター コーラル;Angelic Star, Coral;OK;Fresh Star, Coral
Myth Guard;2;partie de nom;マイスガード;;OK;Myth Guard, Procyon
Reit;2;partie de nom;リィト;;OK;Duo Fantasia, Lamry
Grei;2;partie de nom;グレイ;;OK;Ferment Deletor, Gaen | Lie-down Deletor, Given
Hailing Deletor, Elro;2;nom exact;呼応する根絶者 エルロ;Hailing Deletor, Elro;OK;Hailing Deletor, Alba
Combined Strength Seeker, Locrinus;2;nom exact;合力の探索者 ロクリヌス;Combined Strength Seeker, Locrinus;OK;Splitting Seeker, Brutus
Cocytus;2;partie de nom;コキュートス;;OK;Ice Prison Hades Deity, Cocytus Negative
Costume Idol, Alk;2;nom exact;着ぐるみアイドル アルク;Costume Idol, Alk;OK;Costume Idol, Alk
Dosage Celestial, Asmodel;2;nom exact;投薬の守護天使 アスモデル;Dosage Celestial, Asmodel;OK;Dosage Celestial, Asmodel | Holy Edge Celestial, Malchidael
Transformation Stealth Rogue, Kuzunoha;2;nom exact;変幻の忍鬼 クズノハ;Transformation Stealth Rogue, Kuzunoha;OK;Onmyo Stealth Rogue, Seimei | Transformation Stealth Rogue, Kuzunoha
Docking Deletor, Greion;2;nom exact;絆の根絶者 グレイヲン;Docking Deletor, Greion;OK;Waving Deletor, Greidhol
Wyvern Strike, Tejas;1;nom exact;ワイバーンストライク テージャス;Wyvern Strike, Tejas;OK;Wyvern Strike, Jarran
King of Sword;1;nom exact;キング・オブ・ソード;King of Sword;OK;Queen of Heart
Great Silver Wolf, Garmore;1;nom exact;大いなる銀狼 ガルモール;Great Silver Wolf, Garmore;OK;Charjgal
Thunder Break Dragon;1;nom exact;サンダーブレイク・ドラゴン;Thunder Break Dragon;OK;Dragon Dancer, RaiRai
Natural Talent Seeker, Valrod;1;nom exact;天賦の探索者 ヴァルロッド;Natural Talent Seeker, Valrod;OK;Secret Sword Seeker, Vortigern
Brawler, Skyhowl Dragon;1;nom exact;喧嘩屋 スカイハウル・ドラゴン;Brawler, Skyhowl Dragon;OK;Brawler, Skybeat Dragon
Jaillock Brawler, Kotenka;1;nom exact;獄鎖の喧嘩屋 コウテンカ;Jaillock Brawler, Kotenka;OK;Brawler, Lightningrod Dragon
Oath Liberator, Aglovale;1;nom exact;誓いの解放者 アグロヴァル;Oath Liberator, Aglovale;OK;Bluish Flame Liberator, Percival
Unbending Liberator, Keredic;1;nom exact;不撓の解放者 カレティクス;Unbending Liberator, Keredic;OK;Liberator, Blue Flame Dragon
Companion Star Star-vader, Photon;1;nom exact;伴星の星輝兵 フォトン;Companion Star Star-vader, Photon;OK;Star-vader, Garnet Star Dragon
Bomber Star-vader, Magnesium;1;nom exact;爆撃の星輝兵 マグネシウム;Bomber Star-vader, Magnesium;OK;Heavy Blast Star-vader, Berkelium
Knight of Twin Sword;1;nom exact;ナイト・オブ・ツインソード;Knight of Twin Sword;OK;Knight of Twin Sword
Daunting Deletor, Oksizz;1;nom exact;威圧する根絶者 ヲクシズ;Daunting Deletor, Oksizz;OK;Chewing Deletor, Boroh
Dark Heart Trumpeter;1;nom exact;ダークハート・トランペッター;Dark Heart Trumpeter;OK;Dark Heart Trumpeter
Little Skull Witch, Nemain;1;nom exact;髑髏の魔女っ娘 ネヴァン;Little Skull Witch, Nemain;OK;Little Skull Witch, Nemain
Sanctuary Guard Dragon;1;nom exact;サンクチュアリガード・ドラゴン;Sanctuary Guard Dragon;OK;Rainbow-calling Bard
Dragon Knight, Aleph;1;nom exact;ドラゴンナイト アリフ;Dragon Knight, Aleph;OK;Embodiment of Victory, Aleph
Barcgal;1;nom exact;ばーくがる;Barcgal;OK;Future Knight, Llew
Embodiment of Victory, Aleph;1;nom exact;勝利の化身 アリフ;Embodiment of Victory, Aleph;OK;Dragon Knight, Aleph
Ironclad Dragon, Shieldon;1;nom exact;鉄壁竜 シールドン;Ironclad Dragon, Shieldon;OK;Assault Dragon, Blightops
Blue Dust;1;nom exact;ブルー・ダスト;Blue Dust;OK;Nightmare Baby
Samurai Spirit;1;nom exact;サムライスピリット;Samurai Spirit;OK;Spirit Exceed
Knight Spirit;1;nom exact;ナイトスピリット;Knight Spirit;OK;Spirit Exceed
Captain Nightmist;1;nom exact;キャプテン・ナイトミスト;Captain Nightmist;OK;Captain Nightmist
Soul Saver Dragon;1;nom exact;ソウルセイバー・ドラゴン;Soul Saver Dragon;OK;Pongal
Iron Tail Dragon;1;nom exact;アイアンテイル・ドラゴン;Iron Tail Dragon;OK;Blazing Core Dragon
Gattling Claw Dragon;1;nom exact;ガトリングクロー・ドラゴン;Gattling Claw Dragon;OK;Blazing Core Dragon
Blazing Flare Dragon;1;nom exact;ブレイジングフレア・ドラゴン;Blazing Flare Dragon;OK;Blazing Core Dragon
Chain-attack Sutherland;1;nom exact;連撃のサザーランド;Chain-attack Sutherland;OK;Follower, Reas
Nightmare Doll, Alice;1;nom exact;ナイトメアドール ありす;Nightmare Doll, Alice;OK;Nightmare Doll, Alice
Goddess of the Full Moon, Tsukuyomi;1;nom exact;満月の女神 ツクヨミ;Goddess of the Full Moon, Tsukuyomi;OK;Goddess of the Half Moon, Tsukuyomi
Mirror Demon;1;nom exact;ミラー・デーモン;Mirror Demon;OK;Mirror Demon
Drangal;1;nom exact;どらんがる;Drangal;OK;Knight of Godly Speed, Galahad
Midnight Bunny;1;nom exact;ミッドナイト・バニー;Midnight Bunny;OK;Midnight Bunny
Raging Dragon, Blastsaurus;1;nom exact;怒竜 ブラストザウルス;Raging Dragon, Blastsaurus;OK;Raging Dragon, Blastsaurus
Raging Dragon, Sparksaurus;1;nom exact;怒竜 スパークザウルス;Raging Dragon, Sparksaurus;OK;Raging Dragon, Sparksaurus
Fullbau;1;nom exact;フルバウ;Fullbau;OK;Blaster Javelin
Enigman Flow;1;nom exact;イニグマン・フロー;Enigman Flow;OK;Enigman Ripple
Larva Mutant, Giraffa;1;nom exact;幼虫怪人 ギラファ;Larva Mutant, Giraffa;OK;Pupa Mutant, Giraffa
Amber Dragon, Dawn;1;nom exact;アンバー・ドラゴン “暁”;Amber Dragon, Dawn;OK;Amber Dragon, Daylight
Blaujunger;1;nom exact;ブラウユンガー;Blaujunger;OK;Blaupanzer
Stealth Fiend, Midnight Crow;1;nom exact;忍妖 ミッドナイトクロウ;Stealth Fiend, Midnight Crow;OK;Stealth Fiend, Midnight Crow
Blade Seed Squire;1;nom exact;ブレイドシード・スクワイア;Blade Seed Squire;OK;Shield Seed Squire
Stealth Dragon, Voidgelga;1;nom exact;忍竜 ボイドゲルガー;Stealth Dragon, Voidgelga;OK;Stealth Dragon, Voidgelga
Stealth Beast, Million Rat;1;nom exact;忍獣 ミリオンラット;Stealth Beast, Million Rat;OK;Stealth Beast, Million Rat
Knight of Harvest, Gene;1;nom exact;収穫の騎士 ジーン;Knight of Harvest, Gene;OK;Knight of Verdure, Gene
Iris Knight;1;nom exact;アイリスナイト;Iris Knight;OK;Lily Knight of the Valley
Deadly Spirit;1;nom exact;デッドリースピリット;Deadly Spirit;OK;Deadly Swordmaster
Deadly Nightmare;1;nom exact;デッドリーナイトメア;Deadly Nightmare;OK;Deadly Swordmaster
Vajra Emperor, Indra;1;nom exact;金剛雷帝 インドラ;Vajra Emperor, Indra;OK;Vajra Emperor, Indra
Crimson Lion Cub, Kyrph;1;nom exact;紅の小獅子 キルフ;Crimson Lion Cub, Kyrph;OK;Crimson Lion Cub, Kyrph
Knight of Elegant Skills, Gareth;1;nom exact;美技の騎士 ガレス;Knight of Elegant Skills, Gareth;OK;Crimson Lion Cub, Kyrph
Knight of Superior Skills, Beaumains;1;nom exact;神技の騎士 ボーマン;Knight of Superior Skills, Beaumains;OK;Crimson Lion Cub, Kyrph
Circular Saw, Kiriel;1;nom exact;回転する剣 キリエル;Circular Saw, Kiriel;OK;Lightning Charger
Skeleton Demon World Knight;1;nom exact;スケルトンの魔界騎士;Skeleton Demon World Knight;OK;Skeleton Colossus
Pencil Hero, Hammsuke;1;nom exact;鉛筆英雄 はむすけ;Pencil Hero, Hammsuke;OK;Pencil Hero, Hammsuke
Pencil Squire, Hammsuke;1;nom exact;鉛筆従士 はむすけ;Pencil Squire, Hammsuke;OK;Pencil Squire, Hammsuke
Purple Trapezist;1;nom exact;パープル・トラピージスト;Purple Trapezist;OK;Purple Trapezist
Hades Carriage of the Witching Hour;1;nom exact;逢魔ヶ刻の冥界馬車;Hades Carriage of the Witching Hour;OK;Hades Carriage of the Witching Hour
Pencil Knight, Hammsuke;1;nom exact;鉛筆騎士 はむすけ;Pencil Knight, Hammsuke;OK;Pencil Knight, Hammsuke
School Dominator, Apt;1;nom exact;学園を統べる者 アプト;School Dominator, Apt;OK;Feather Penguin
Ruler Chameleon;1;nom exact;ルーラー・カメレオン;Ruler Chameleon;OK;Ruler Chameleon
Dreamy Fortress;1;nom exact;ドリーミー・フォートレス;Dreamy Fortress;OK;Dreamy Fortress
Dreamy Ammonite;1;nom exact;ドリーミー・アンモナイト;Dreamy Ammonite;OK;Dreamy Ammonite
Girl Who Crossed the Gap;1;nom exact;狭間を超える少女;Girl Who Crossed the Gap;OK;Girl Who Crossed the Gap
Demon Chariot of the Witching Hour;1;nom exact;逢魔ヶ刻の魔神戦車;Demon Chariot of the Witching Hour;OK;Demon Chariot of the Witching Hour
Demon Bike of the Witching Hour;1;nom exact;逢魔ヶ刻の魔走バイク;Demon Bike of the Witching Hour;OK;Demon Bike of the Witching Hour
Super Dimensional Robo, Daiyusha;1;nom exact;超次元ロボ ダイユーシャ;Super Dimensional Robo, Daiyusha;OK;Ultimate Dimensional Robo, Great Daiyusha
Transport Dragon, Brachioporter;1;nom exact;輸送竜 ブラキオポーター;Transport Dragon, Brachioporter;OK;Citadel Dragon, Brachiocastle
Citadel Dragon, Brachiocastle;1;nom exact;城塞竜 ブラキオキャッスル;Citadel Dragon, Brachiocastle;OK;Carrier Dragon, Brachiocarrier
Carrier Dragon, Brachiocarrier;1;nom exact;空母竜 ブラキオキャリヤー;Carrier Dragon, Brachiocarrier;OK;Transport Dragon, Brachioporter
Blue Storm Dragon, Maelstrom;1;nom exact;蒼嵐竜 メイルストローム;Blue Storm Dragon, Maelstrom;OK;Blue Storm Supreme Dragon, Glory Maelstrom
Conviction Dragon, Chromejailer Dragon;1;nom exact;断罪竜 クロムジェイラー・ドラゴン;Conviction Dragon, Chromejailer Dragon;OK;Conviction Dragon, Chromejailer Dragon
Fantasy Petal Storm, Shirayuki;1;nom exact;夢幻の風花 シラユキ;Fantasy Petal Storm, Shirayuki;OK;Fantasy Petal Storm, Shirayuki
Lord of the Demonic Winds, Vayu;1;nom exact;風魔天神 ヴァーユ;Lord of the Demonic Winds, Vayu;OK;Lord of the Demonic Winds, Vayu
Starlight Melody Tamer, Farah;1;nom exact;星空の旋律使い ファラ;Starlight Melody Tamer, Farah;OK;Starlight Melody Tamer, Farah
Stealth Fiend, Oboro Cart;1;nom exact;忍妖 オボロカート;Stealth Fiend, Oboro Cart;OK;Stealth Fiend, Oboro Cart
Amaterasu;1;partie de nom;アマテラス;;OK;Battle Deity, Susanoo
Vermillion;1;partie de nom;ヴァーミリオン;;OK;Dusty Plasma Dragon
Battle Sister, Cookie;1;nom exact;バトルシスター くっきー;Battle Sister, Cookie;OK;Battle Sister, Cream
Goddess of the Sun, Amaterasu;1;nom exact;日輪の女神 アマテラス;Goddess of the Sun, Amaterasu;OK;Solar Maiden, Uzume
Crimson Mind, Baruch;1;nom exact;真紅の決意 バルク;Crimson Mind, Baruch;OK;Crimson Heart, Nahas
Crimson Drive, Aphrodite;1;nom exact;真紅の衝動 アフロディテ;Crimson Drive, Aphrodite;OK;Crimson Heart, Nahas
Melodica Cat;1;nom exact;ピアニカ・キャット;Melodica Cat;OK;Vocal Chicken
Recorder Dog;1;nom exact;リコーダー・ドッグ;Recorder Dog;OK;Melodica Cat
Vocal Chicken;1;nom exact;ボーカル・チキン;Vocal Chicken;OK;Recorder Dog
Nightmare Summoner, Raqiel;1;nom exact;悪夢召喚者 ラキル;Nightmare Summoner, Raqiel;OK;Magical Partner
Grateful Catapult;1;nom exact;グレイトフル・カタパルト;Grateful Catapult;OK;Grateful Catapult
Liberator of the Round Table, Alfred;1;nom exact;円卓の解放者 アルフレッド;Liberator of the Round Table, Alfred;OK;Liberator, Flare Mane Stallion
Myth Guard, Sirius;1;nom exact;マイスガード シリウス;Myth Guard, Sirius;OK;Myth Guard, Orion
Myth Guard, Orion;1;nom exact;マイスガード オリオン;Myth Guard, Orion;OK;Myth Guard, Sirius
Eradicator, Gauntlet Buster Dragon;1;nom exact;抹消者 ガントレッドバスター・ドラゴン;Eradicator, Gauntlet Buster Dragon;OK;Lightning Fist Eradicator, Dui
Sword Dance Eradicator, Hisen;1;nom exact;剣舞の抹消者 ヒセン;Sword Dance Eradicator, Hisen;OK;Eradicator, Strike-dagger Dragon
Supreme Army Eradicator, Zuitan;1;nom exact;覇軍の抹消者 ズイタン;Supreme Army Eradicator, Zuitan;OK;Eradicator, Strike-dagger Dragon
Seal Dragon, Blockade;1;nom exact;封竜 ブロケード;Seal Dragon, Blockade;OK;Hellfire Seal Dragon, Blockade Inferno
Blockade;1;partie de nom;ブロケード;;OK;Seal Dragon, Chambray
Ancient Dragon, Tyrannolegend;1;nom exact;古代竜 ティラノレジェンド;Ancient Dragon, Tyrannolegend;OK;Ancient Dragon, Babyrex
Eradicator, Sweep Command Dragon;1;nom exact;抹消者 スイープコマンド・ドラゴン;Eradicator, Sweep Command Dragon;OK;Eradicator, First Thunder Dracokid
Eradicator, Vowing Sword Dragon;1;nom exact;抹消者 ボーイングソード・ドラゴン;Eradicator, Vowing Sword Dragon;OK;"Eradicator, Vowing Saber Dragon ""Яeverse"""
Sealed Demon Dragon, Dungaree;1;nom exact;封魔神竜 ダンガリー;Sealed Demon Dragon, Dungaree;OK;"Demon Conquering Dragon, Dungaree ""Unlimited"""
Silver Thorn Dragon Tamer, Luquier;1;nom exact;銀の茨の竜使い ルキエ;Silver Thorn Dragon Tamer, Luquier;OK;"Silver Thorn Dragon Queen, Luquier ""Яeverse"""
Nightmare Doll, Chelsea;1;nom exact;ナイトメアドール ちぇるしー;Nightmare Doll, Chelsea;OK;Nightmare Doll, Chelsea
Vowing;1;partie de nom;ボーイング;;OK;Eradicator, Blade Hang Dracokid
Star-vader, Nebula Lord Dragon;1;nom exact;星輝兵 ネビュラロード・ドラゴン;Star-vader, Nebula Lord Dragon;OK;Strafing Star-vader, Ruthenium
Prophecy Celestial, Ramiel;1;nom exact;神託の守護天使 レミエル;Prophecy Celestial, Ramiel;OK;"Cleanup Celestial, Ramiel ""Яeverse"""
Beast Deity, Ethics Buster;1;nom exact;獣神 エシックス・バスター;Beast Deity, Ethics Buster;OK;Strongest Beast Deity, Ethics Buster Extreme
School Hunter, Leo-pald;1;nom exact;学園の狩人 レオパルド;School Hunter, Leo-pald;OK;"School Punisher, Leo-pald ""Яeverse"""
Operation Celestial, Armen;1;nom exact;執刀の守護天使 アルメン;Operation Celestial, Armen;OK;Operation Celestial, Armen
Daiyusha;1;partie de nom;ダイユーシャ;;OK;Dimensional Robo, Gocannon
Star-vader, Chaos Breaker Dragon;1;nom exact;星輝兵 カオスブレイカー・ドラゴン;Star-vader, Chaos Breaker Dragon;OK;Star-vader, Chaos Beat Dragon
Pure Heart Jewel Knight, Ashlei;1;nom exact;純真の宝石騎士 アシュレイ;Pure Heart Jewel Knight, Ashlei;OK;"Broken Heart Jewel Knight, Ashlei ""Яeverse"""
Regalia of Wisdom, Angelica;1;nom exact;叡智の神器 アンジェリカ;Regalia of Wisdom, Angelica;OK;Omniscience Regalia, Minerva
Dauntless Drive Dragon;1;nom exact;ドーントレスドライブ・ドラゴン;Dauntless Drive Dragon;OK;"Dauntless Dominate Dragon ""Яeverse"""
Demonic Hair Stealth Rogue, Grenjin;1;nom exact;魔髪の忍鬼 グレンジシ;Demonic Hair Stealth Rogue, Grenjin;OK;Demonic Hair Stealth Rogue, Grenjin
Maiden of Cherry Stone;1;nom exact;メイデン・オブ・チェリーストーン;Maiden of Cherry Stone;OK;Maiden of Cherry Bloom
Maiden of Cherry Bloom;1;nom exact;メイデン・オブ・チェリーブルーム;Maiden of Cherry Bloom;OK;Maiden of Cherry Stone
Myth Guard, Denebola;1;nom exact;マイスガード デネボラ;Myth Guard, Denebola;OK;Myth Guard, Denebola
Myth Guard, Achernar;1;nom exact;マイスガード アケルナル;Myth Guard, Achernar;OK;Myth Guard, Achernar
Liberator, Holy Shine Dragon;1;nom exact;解放者 ホーリーシャイン・ドラゴン;Liberator, Holy Shine Dragon;OK;Liberator, Holy Shine Dragon
Star-vader,;1;partie de nom;;;OK;Taboo Star-vader, Rubidium
Glendios;1;partie de nom;;;OK;Taboo Star-vader, Rubidium
Silver Thorn Assistant, Zelma;1;nom exact;銀の茨;;OK;Silver Thorn Assistant, Zelma
Machining Cicada;1;nom exact;マシニング・シカーダ;Machining Cicada;OK;Machining Cicada
Seeker, Thing Saver Dragon;1;nom exact;探索者 シングセイバー・ドラゴン;Seeker, Thing Saver Dragon;OK;Seeker, Thing Saver Dragon
Full Bloom Seeker, Cerdic;1;nom exact;爛漫の探索者 セルディック;Full Bloom Seeker, Cerdic;OK;Forthright Seeker, Egbert
Brawler, Big Bang Slash Dragon;1;nom exact;喧嘩屋 ビッグバンスラッシュ・ドラゴン;Brawler, Big Bang Slash Dragon;OK;Brawler, Big Bang Knuckle Dragon
Brawler, Wildfist Dragon;1;nom exact;喧嘩屋 ワイルドフィスト・ドラゴン;Brawler, Wildfist Dragon;OK;Brawler, Wild Rush Dragon
Ultimate Raizer Dual-flare;1;nom exact;アルティメットライザー・ＤＦ;Ultimate Raizer Dual-flare;OK;Ultimate Raizer Mega-flare
Metalborg, Ur Buster;1;nom exact;鋼闘機 ウルバスター;Metalborg, Ur Buster;OK;Metalborg, Sin Buster
Silver Blaze;1;nom exact;シルバー・ブレイズ;Silver Blaze;OK;Emerald Blaze
Peony Musketeer, Toure;1;nom exact;牡丹の銃士 トゥーレ;Peony Musketeer, Toure;OK;Peony Musketeer, Martina
Phoenixraizer Flame-wing;1;nom exact;フェニックスライザー・ＦＷ;Phoenixraizer Flame-wing;OK;Phoenixraizer Drill-wing
Metalborg, Lionetter;1;nom exact;鋼闘機 ライオネッター;Metalborg, Lionetter;OK;Metalborg, Drion
Lycoris Musketeer, Saul;1;nom exact;リコリスの銃士 サウル;Lycoris Musketeer, Saul;OK;Lycoris Musketeer, Vera
Marineraizer High-torpedo;1;nom exact;マリンライザー・ＨＴ;Marineraizer High-torpedo;OK;Marineraizer Anchor-arm
Metalborg, Diggerion;1;nom exact;鋼闘機 ディガリオン;Metalborg, Diggerion;OK;Metalborg, Scissorion
Dudley Monty;1;nom exact;ダッドリー・モンティ;Dudley Monty;OK;Dudley Moses
Carnation Musketeer, Pertti;1;nom exact;カーネーションの銃士 ペルッティ;Carnation Musketeer, Pertti;OK;Carnation Musketeer, Rikhard
Shower Liberator, Trahern;1;nom exact;夕立の解放者 トラヘルン;Shower Liberator, Trahern;OK;Murasame Liberator, Coil
Perdition Dragon, Menace Laser Dragon;1;nom exact;煉獄竜 メナスレーザー・ドラゴン;Perdition Dragon, Menace Laser Dragon;OK;Perdition Dragon, Pain Laser Dragon
Perdition Dragon, Whirlwind Dragon;1;nom exact;煉獄竜 ワールウインド・ドラゴン;Perdition Dragon, Whirlwind Dragon;OK;Perdition Dragon, Vortex Dragonewt
Brawler, Big Bang Slash Buster;1;nom exact;喧嘩屋 ビッグバンスラッシュ・バスター;Brawler, Big Bang Slash Buster;OK;Brawler, Big Bang Knuckle Buster
Flash Gun Star-vader, Osmium;1;nom exact;閃銃の星輝兵 オスミウム;Flash Gun Star-vader, Osmium;OK;Star-vader, Imaginary Plane Dragon
Star-vader, Astro-reaper;1;nom exact;星輝兵 アストロリーパー;Star-vader, Astro-reaper;OK;Star-vader, Dark Zodiac
Blue Storm Marine General, Starless;1;nom exact;蒼嵐水将 スターレス;Blue Storm Marine General, Starless;OK;Blue Storm Wave Dragon, Tetra-burst Dragon
Brave Stride Seeker, Cherin;1;nom exact;勇躍の探索者 ケリン;Brave Stride Seeker, Cherin;OK;Seeker, Purgation Breath Dragon
Liberator of Royalty, Phallon;1;nom exact;王道の解放者 ファロン;Liberator of Royalty, Phallon;OK;Locus Liberator, Asclepius
Ancient Dragon, Tyrannobite;1;nom exact;古代竜 ティラノバイト;Ancient Dragon, Tyrannobite;OK;Ancient Dragon, Tyrannoquake
Unrivaled Star-vader, Radon;1;nom exact;無双の星輝兵 ラドン;Unrivaled Star-vader, Radon;OK;Ionization Star-vader, Hafnium
Pirate Belle, Pinot Blanc;1;nom exact;海賊麗人 ピノ・ブラン;Pirate Belle, Pinot Blanc;OK;Young Pirate Noble, Pinot Noir
Ancient Dragon, Knightarmor;1;nom exact;古代竜 ナイトアーマー;Ancient Dragon, Knightarmor;OK;Ancient Dragon, Magmaarmor
Dragon Undead, Ghoul Dragon;1;nom exact;不死竜 グールドラゴン;Dragon Undead, Ghoul Dragon;OK;Witch Doctor of the Dead Sea, Negrobolt
Blue Storm Marine General, Ianis;1;nom exact;蒼嵐水将 イアニス;Blue Storm Marine General, Ianis;OK;Blue Storm Marine General, Zaharias
Ketchgal Liberator;1;nom exact;きゃっちがる・解放者;Ketchgal Liberator;OK;Ketchgal Liberator
Perdition Mage, Asticah;1;nom exact;煉獄導師 アスティカ;Perdition Mage, Asticah;OK;Perdition Berserker, Jaratkaru
Holy Dragon, Saint Blow Dragon;1;nom exact;神聖竜 セイントブロー・ドラゴン;Holy Dragon, Saint Blow Dragon;OK;Holy Dragon, Saint Blow Dragon
Sword Deity of the Thunder Break, Takemikazuchi;1;nom exact;神鳴りの剣神 タケミカヅチ;Sword Deity of the Thunder Break, Takemikazuchi;OK;Sword Deity of the Thunder Break, Takemikazuchi
Flame Emperor Dragon King, Root Flare Dragon;1;nom exact;炎帝龍王 ルートフレア・ドラゴン;Flame Emperor Dragon King, Root Flare Dragon;OK;Flame Emperor Dragon King, Root Flare Dragon
Holy Knight Guardian;1;nom exact;ホーリーナイト・ガーディアン;Holy Knight Guardian;OK;Holy Knight Guardian
Arbitrator, Ame-no-Sagiri;1;nom exact;調停者 アメノサギリ;Arbitrator, Ame-no-Sagiri;OK;Arbitrator, Ame-no-Sagiri
Protect Orb Dragon;1;nom exact;プロテクトオーブ・ドラゴン;Protect Orb Dragon;OK;Protect Orb Dragon
Lady Cyclone;1;nom exact;レディ・サイクロン;Lady Cyclone;OK;Lady Cyclone
Steam Maiden, Arlim;1;nom exact;スチームメイデン アルリム;Steam Maiden, Arlim;OK;Steam Maiden, Arlim
Knight of Greatspear;1;nom exact;ナイト・オブ・グレートスピア;Knight of Greatspear;OK;Knight of Greatspear
Starlight Violinist;1;nom exact;スターライト・ヴァイオリニスト;Starlight Violinist;OK;Starlight Violinist
Susanoo;1;partie de nom;スサノオ;;OK;Divine Sword, Ame-no-Murakumo
Steam Knight, Puzur-Ili;1;nom exact;スチームナイト プズル・イリ;Steam Knight, Puzur-Ili;OK;Ruin Disposal Dragon
Marine General of Heavenly Silk, Lambros;1;nom exact;天羅水将 ランブロス;Marine General of Heavenly Silk, Lambros;OK;Marine General of Heavenly Silk, Lambros
Omniscience Dragon, Managarmr;1;nom exact;全智竜 マーナガルム;Omniscience Dragon, Managarmr;OK;Omniscience Dragon, Managarmr
Sacred Tree Dragon, Jingle Flower Dragon;1;nom exact;聖樹竜 ジングルフラワー・ドラゴン;Sacred Tree Dragon, Jingle Flower Dragon;OK;Sacred Tree Dragon, Jingle Flower Dragon
Knight of Refinement, Benizel;1;nom exact;風雅の騎士 ベニゼール;Knight of Refinement, Benizel;OK;Knight of Refinement, Benizel
Dragon Dancer, Anastasia;1;nom exact;ドラゴンダンサー アナスタシア;Dragon Dancer, Anastasia;OK;Dragon Dancer, Anastasia
Blue Storm Marine General, Milos;1;nom exact;蒼嵐水将 ミロス;Blue Storm Marine General, Milos;OK;Blue Storm Marine General, Michael
Ocean Keeper, Plato;1;nom exact;海域の守り手 プラトン;Ocean Keeper, Plato;OK;Ocean Keeper, Plato
Contradictory Instructor, Shell Master;1;nom exact;矛盾教官 シェル・マスター;Contradictory Instructor, Shell Master;OK;Contradictory Instructor, Shell Master
Maiden of Passionflower;1;nom exact;メイデン・オブ・パッションフラワー;Maiden of Passionflower;OK;Maiden of Passionflower
Steam Knight, Xang;1;nom exact;スチームナイト ザング;Steam Knight, Xang;OK;Nixie Number Dragon
Capable Assistant, Guru Wolf;1;nom exact;腕利き助手 グル・ウルフ;Capable Assistant, Guru Wolf;OK;Fervent Professor, Guru Tiger
Maiden of Frilldrod;1;nom exact;メイデン・オブ・フリルドロッド;Maiden of Frilldrod;OK;Maiden of Frilldrod
Knight of Transience, Marehope;1;nom exact;仮初めの騎士 メアホープ;Knight of Transience, Marehope;OK;Knight of Transience, Maredream
Knight of Transience, Maredream;1;nom exact;仮初めの騎士 メアドリーム;Knight of Transience, Maredream;OK;Knight of Transience, Marehope
Turbulence Deity Howl, Rudra;1;nom exact;乱神咆哮 ルドラ;Turbulence Deity Howl, Rudra;OK;Turbulence Deity Howl, Rudra
Vegetable Avatar Dragon;1;nom exact;ベジタブルアバター・ドラゴン;Vegetable Avatar Dragon;OK;Vegetable Avatar Dragon
Barrage Warrior, Watermelock;1;nom exact;弾幕戦士 スイカーク;Barrage Warrior, Watermelock;OK;Barrage Warrior, Watermelock
Warrior of Grief, Onion;1;nom exact;哀愁戦士 オニオーン;Warrior of Grief, Onion;OK;Warrior of Grief, Onion
Regulation Liberator, Aglovale;1;nom exact;定めの解放者 アグロヴァル;Regulation Liberator, Aglovale;OK;Bluish Flame Liberator, Prominence Glare
Perdition Dragon, Dragonic Neoflame;1;nom exact;煉獄竜 ドラゴニック・ネオフレイム;Perdition Dragon, Dragonic Neoflame;OK;Perdition Emperor Dragon, Dragonic Overlord the Great
Star-vader, Sword Viper;1;nom exact;星輝兵 ソードヴァイパー;Star-vader, Sword Viper;OK;Star-vader, Venom Dancer
Perdition Dragon Knight, Tarayev;1;nom exact;煉獄竜騎士 タラーエフ;Perdition Dragon Knight, Tarayev;OK;Perdition Dragon, Break Down Dragon
Harmonics Messiah;1;nom exact;;;OK;Harmonics Messiah
Golden Dragon, Spearcross Dragon;1;nom exact;黄金竜 スピアクロス・ドラゴン;Golden Dragon, Spearcross Dragon;OK;Golden Dragon, Spearcross Dragon
Divine Dragon Knight, Mustafa;1;nom exact;神龍騎士 ムスタファー;Divine Dragon Knight, Mustafa;OK;Divine Dragon Knight, Mustafa
Nebula Dragon, Big Crunch Dragon;1;nom exact;星雲竜 ビッグクランチ・ドラゴン;Nebula Dragon, Big Crunch Dragon;OK;Nebula Dragon, Big Crunch Dragon
Abominable One, Gilles de Rais;1;nom exact;忌まわしき者 ジル・ド・レイ;Abominable One, Gilles de Rais;OK;Abominable One, Gilles de Rais
Karma Collector;1;nom exact;カルマ・コレクター;Karma Collector;OK;Karma Collector
Holy Mage, Bryderi;1;nom exact;神聖魔道士 プリデリー;Holy Mage, Bryderi;OK;Holy Mage, Bryderi
Dragonic Blademaster;1;nom exact;ドラゴニック・ブレードマスター;Dragonic Blademaster;OK;Dragon Knight, Jannat
Magatsu;1;partie de nom;;;OK;Covert Demonic Dragon, Magatsu Typhoon
Stealth Beast, White Heron;1;nom exact;忍獣 ホワイトへロン;Stealth Beast, White Heron;OK;Stealth Beast, White Heron
Flowers in Vacuum, Cosmo Wreath;1;nom exact;真空に咲く花 コスモリース;Flowers in Vacuum, Cosmo Wreath;OK;Flowers in Vacuum, Cosmo Wreath
Flag Breaker;1;nom exact;フラグ・ブレイカー;Flag Breaker;OK;Flag Breaker
Stealth Dragon, Runestar;1;nom exact;忍竜 ルーンスター;Stealth Dragon, Runestar;OK;Stealth Dragon, Runestar
Stealth Rogue of the Flowered Hat, Fujino;1;nom exact;花笠の忍鬼 フジノ;Stealth Rogue of the Flowered Hat, Fujino;OK;Stealth Rogue of the Flowered Hat, Fujino
Psychic of Dust, Izaya;1;nom exact;砂塵の異能者 イザヤ;Psychic of Dust, Izaya;OK;Psychic of Storm, Rigil
Stealth Beast, Emissary Crow;1;nom exact;忍獣 エミッサリークロウ;Stealth Beast, Emissary Crow;OK;Stealth Beast, Emissary Crow
Stealth Beast, Charcoal Fox;1;nom exact;忍獣 チャコールフォックス;Stealth Beast, Charcoal Fox;OK;Stealth Beast, Charcoal Fox
Stealth Dragon, Hiden Scroll;1;nom exact;忍竜 ヒデンスクロール;Stealth Dragon, Hiden Scroll;OK;Stealth Dragon, Hiden Scroll
Chronodragon Nextage;1;nom exact;クロノドラゴン・ネクステージ;Chronodragon Nextage;OK;Chronodragon Nextage
Chronojet Dragon;1;nom exact;クロノジェット・ドラゴン;Chronojet Dragon;OK;Chronodragon Nextage
Aerial Divine Knight, Altmile;1;nom exact;飛天の聖騎士 アルトマイル;Aerial Divine Knight, Altmile;OK;Aerial Divine Knight, Altmile
Holy Seraph, Raphael;1;nom exact;聖霊熾天使 ラファエル;Holy Seraph, Raphael;OK;Holy Seraph, Raphael
Force Spear Mutant Deity, Stun Beetle;1;nom exact;暴槍怪神 スタンビートル;Force Spear Mutant Deity, Stun Beetle;OK;Force Spear Mutant Deity, Stun Beetle
Dream-spinning Ranunculus, Ahsha;1;nom exact;夢紡ぐラナンキュラス アーシャ;Dream-spinning Ranunculus, Ahsha;OK;Dream-spinning Ranunculus, Ahsha
Black Record, Israfil;1;nom exact;黒衣の記録 イスラフィール;Black Record, Israfil;OK;Black Record, Israfil
Goddess of Decline, Hel;1;nom exact;衰微の女神 ヘル;Goddess of Decline, Hel;OK;Goddess of Decline, Hel
Rebel Mutant, Starshield;1;nom exact;反逆怪人 スターシールド;Rebel Mutant, Starshield;OK;Rebel Mutant, Starshield
Control Celestial, He-el;1;nom exact;掌握の守護天使 ヘエル;Control Celestial, He-el;OK;Accident Celestial, Batarel
Darkquartz Dragon;1;nom exact;ダーククォーツ・ドラゴン;Darkquartz Dragon;OK;Darkpride Dragon
Goddess of the Hearth, Hestia;1;nom exact;竈の女神 ヘスティア;Goddess of the Hearth, Hestia;OK;Goddess of the Hearth, Hestia
Flying Lapwing;1;nom exact;フライング・ケリー;Flying Lapwing;OK;Flying Lapwing
Wisteria Knight;1;nom exact;ウィステリアナイト;Wisteria Knight;OK;Wisteria Knight
3 Apple Sisters;1;nom exact;アッポー３姉妹;3 Apple Sisters;OK;3 Apple Sisters
Right Arrester;1;nom exact;ライト・アレスター;Right Arrester;OK;Left Arrester
Left Arrester;1;nom exact;レフト・アレスター;Left Arrester;OK;Right Arrester
Pearl Sisters, Perla;1;nom exact;パールシスターズ ペルラ;Pearl Sisters, Perla;OK;Pearl Sisters, Perle
Drive Quartet, Flows;1;nom exact;ドライブ・カルテット フロース;Drive Quartet, Flows;OK;Drive Quartet, Ressac
Drive Quartet, Shuplu;1;nom exact;ドライブ・カルテット シュプリュ;Drive Quartet, Shuplu;OK;Drive Quartet, Flows
Drive Quartet, Bubblin;1;nom exact;ドライブ・カルテット バブリン;Drive Quartet, Bubblin;OK;Drive Quartet, Shuplu
Drive Quartet, Ressac;1;nom exact;ドライブ・カルテット リサッカ;Drive Quartet, Ressac;OK;Drive Quartet, Bubblin
Flash Edge Valkyrie;1;nom exact;閃光の剣の戦乙女;Flash Edge Valkyrie;OK;Blade Feather Valkyrie
Mirror Diva, Biscayne;1;nom exact;鏡の歌姫 ビスケ;Mirror Diva, Biscayne;OK;Mirror Diva, Biscayne
PR♥ISM-Promise, Labrador;1;nom exact;PR♥ISM-P ラブラドル;PR♥ISM-Promise, Labrador;OK;PR♥ISM-Promise, Leyte
Battle Sister, Monaka;1;nom exact;バトルシスター もなか;Battle Sister, Monaka;OK;Battle Sister, Monaka
Asura Kaiser;1;nom exact;アシュラ・カイザー;Asura Kaiser;OK;Immortal, Asura Kaiser
Asura;1;partie de nom;アシュラ;;OK;Daredevil Samurai
Duo Blue Marine Chateau, Thames;1;nom exact;Duo 深海の城 テムズ;Duo Blue Marine Chateau, Thames;OK;Duo Blue Marine Chateau, Thames
Duo Petit Etoile, Peace;1;nom exact;Duo 可憐な星 ピース;Duo Petit Etoile, Peace;OK;Duo Petit Etoile, Peace
Duo Toy Box, Menam;1;nom exact;Duo 素敵なおもちゃ箱 メナム;Duo Toy Box, Menam;OK;Duo Toy Box, Menam
Duo Shiny Tone, Cikola;1;nom exact;Duo 閃きの音色 チコラ;Duo Shiny Tone, Cikola;OK;Duo Shiny Tone, Cikola
Duo Beast Ear, Lu Lu;1;nom exact;Duo 獣耳同盟 ルールー;Duo Beast Ear, Lu Lu;OK;Duo Beast Ear, Lu Lu
Duo Night Wing, Tangariro;1;nom exact;Duo 夜空の翼 タンガリロ;Duo Night Wing, Tangariro;OK;Duo Night Wing, Tangariro
Witch of Reality, Femme;1;nom exact;現の魔女 ファム;Witch of Reality, Femme;OK;Mesmerizing Witch, Fianna
Inspection Witch, Deirdre;1;nom exact;査察の魔女 ディアドリー;Inspection Witch, Deirdre;OK;Cultus Witch, Rias
Fighting Spirit Revenger, Macart;1;nom exact;闘気の撃退者 マックアート;Fighting Spirit Revenger, Macart;OK;Ambitious Spirit Revenger, Cormack
Demon World Castle;1;partie de nom;魔界城;;OK;Demon World Castle, ToteZiegel
Comet Witch, Serva;1;nom exact;彗星の魔女 サーバ;Comet Witch, Serva;OK;Witch of Comets, Manisa
Regalia of Fate, Norn;1;nom exact;運命の神器 ノルン;Regalia of Fate, Norn;OK;Cosmic Regalia, CEO Yggdrasil
Black Snake Witch, Chicory;1;nom exact;黒蛇の魔女 チコリ;Black Snake Witch, Chicory;OK;White Snake Witch, Mint
Witch of Golden Eagles, Jasmine;1;nom exact;犬鷲の魔女 ジャスミン;Witch of Golden Eagles, Jasmine;OK;Witch of Eagles, Fennel
Midday Regalia, Hemera;1;nom exact;真昼の神器 ヘメラ;Midday Regalia, Hemera;OK;Midnight Regalia, Nyx
Regalia of Beauty, Venus;1;nom exact;美の神器 ヴィーナス;Regalia of Beauty, Venus;OK;Regalia of Love, Cypris
Cosmic Hero, Grandguard;1;nom exact;宇宙勇機 グランガード;Cosmic Hero, Grandguard;OK;Cosmic Hero, Grandguard
Zeal;1;partie de nom;ズィール;;OK;Evolution Monster, Davain
School Etoile, Olyvia;1;nom exact;学園の綺羅星 オリヴィア;School Etoile, Olyvia;OK;School Etoile, Olyvia
PR♥ISM-Promise, Princess Labrador;1;nom exact;PR♥ISM-P プリンセス・ラブラドル;PR♥ISM-Promise, Princess Labrador;OK;PR♥ISM-Promise, Princess Labrador
Duo True Sister, Meer;1;nom exact;Duo 理想の妹 メーア;Duo True Sister, Meer;OK;Duo Eternal Sister, Meer
Duo Eternal Sister, Meer;1;nom exact;Duo 永遠の妹 メーア;Duo Eternal Sister, Meer;OK;Duo Eternal Sister, Meer
Duo Fantasia, Lamry;1;nom exact;Duo 幻想の瞳 ラムリ;Duo Fantasia, Lamry;OK;Duo Fantasia, Lamry
Image Master, Kukuri;1;nom exact;空想委員 ククリ;Image Master, Kukuri;OK;Image Master, Kukuri
Lauris;1;partie de nom;ローリス;;OK;Cherished Phrase, Reina
Duo Lovely Devil, Vepar;1;nom exact;Duo 誘惑の悪魔 ウェパル;Duo Lovely Devil, Vepar;OK;Duo Lovely Angel, Nemuel
PR♥ISM-Promise, Princess Leyte;1;nom exact;PR♥ISM-P プリンセス・レイテ;PR♥ISM-Promise, Princess Leyte;OK;PR♥ISM-Promise, Princess Leyte
Transmigratory Dragon, Holy Squire Dragon;1;nom exact;転生竜 ホーリースクワイヤ・ドラゴン;Transmigratory Dragon, Holy Squire Dragon;OK;Transmigratory Dragon, Holy Squire Dragon
King's Adjutant Knight, Galehaut;1;nom exact;王佐の騎士 ガルハール;King's Adjutant Knight, Galehaut;OK;King's Adjutant Knight, Galehaut
Instill Deletor, Ender;1;nom exact;染み渡る根絶者 ヱンダー;Instill Deletor, Ender;OK;Instill Deletor, Ender
Guidepost Sage, Elron;1;nom exact;道標の賢者 エルロン;Guidepost Sage, Elron;OK;Guidepost Sage, Elron
Clipping Deletor, Evo;1;nom exact;根絶者;;OK;Clipping Deletor, Evo
Hailing Deletor, Alba;1;nom exact;呼応する根絶者 アルバ;Hailing Deletor, Alba;OK;Hailing Deletor, Elro
Pretty Celeb, Charlotte;1;nom exact;プリティセレブ シャルロット;Pretty Celeb, Charlotte;OK;Pretty Celeb, Charlotte
Military Brawler, Lisei;1;nom exact;武断の喧嘩屋 リセイ;Military Brawler, Lisei;OK;Brawler, Shotgun Blow Dragon
Spiral Celestial, Hellm;1;nom exact;螺旋の守護天使 ヘルエム;Spiral Celestial, Hellm;OK;Spiral Celestial, Hellm
Ultimate Dimensional Robo, Great Daikaiser;1;nom exact;究極次元ロボ グレートダイカイザー;Ultimate Dimensional Robo, Great Daikaiser;OK;Super Dimensional Robo, Shadowkaiser
Beast Tamer;1;partie de nom;;;OK;Bunny Queen Beast Tamer
Supreme Heavenly Emperor Dragon, Dragonic Overlord;1;partie de nom;;;OK;"Supreme Heavenly Emperor Dragon, Dragonic Overlord ""the Ace"""
Blue Storm Marshal Dragon, Admiral Maelstrom;1;nom exact;蒼嵐帥竜 アドミラル・メイルストローム;Blue Storm Marshal Dragon, Admiral Maelstrom;OK;Blue Storm Marshal Dragon, Admiral Maelstrom
Shura Stealth Dragon;1;partie de nom;修羅忍竜;;OK;Rikudo Stealth Dragon, Jorurirakan
Shirayuki;1;partie de nom;シラユキ;;OK;Cosmetic Snowfall, Shirayuki
Luquier;1;partie de nom;ルキエ;;OK;Silver Thorn Dragon Master, Mystique Luquier
Dimensional Robo, Kaizard;1;nom exact;次元ロボ カイザード;Dimensional Robo, Kaizard;OK;Dimensional Robo, Kaisergrader
Duo Falling Heart, Quancy;1;nom exact;Duo 恋の雫 クアンシー;Duo Falling Heart, Quancy;OK;Duo Falling Heart, Victoria
Battle Sister, Pudding;1;nom exact;バトルシスター ぷでぃんぐ;Battle Sister, Pudding;OK;Battle Sister, Gelee
Shura Stealth Dragon, Daranicongo;1;nom exact;修羅忍竜 ダラニコンゴウ;Shura Stealth Dragon, Daranicongo;OK;Shura Stealth Dragon, Mandoracongo
Ultimate Dimensional Robo, Great Daiyusha;1;nom exact;究極次元ロボ グレートダイユーシャ;Ultimate Dimensional Robo, Great Daiyusha;OK;True Ultimate Dimensional Robo, Great Daikaiser
Medical Gunner, Hermieres;1;nom exact;薬剤の弾丸 エルミエル;Medical Gunner, Hermieres;OK;Medical Gunner, Hermieres
Noble;1;partie de nom;;;OK;Thousand Name Wyvern Knight
Coral;1;partie de nom;コーラル;;OK;Shangri-La Star, Coral
Seeker, Sacred Wingal;1;nom exact;探索者 セイクリッド・ういんがる;Seeker, Sacred Wingal;OK;Sacred Beast Seeker, Claude
Brawler, Skybeat Dragon;1;nom exact;喧嘩屋 スカイビート・ドラゴン;Brawler, Skybeat Dragon;OK;Brawler, Sky Blow Dragon
Bluish Flame Liberator, Percival;1;nom exact;青き炎の解放者 パーシヴァル;Bluish Flame Liberator, Percival;OK;Imposing Liberator, Danner
Star-vader, Garnet Star Dragon;1;nom exact;星輝兵 ガーネットスター・ドラゴン;Star-vader, Garnet Star Dragon;OK;Star-vader, Morion Star Dragon
Seeker, Light Blaze Dragon;1;nom exact;探索者 ライトブレイズ・ドラゴン;Seeker, Light Blaze Dragon;OK;Seeker, Light Saver Dragon
Barking Sky Tiger;1;nom exact;バーキング・スカイタイガー;Barking Sky Tiger;OK;Cracking Beast Tamer
Illusion Scientist, Researcher Fox;1;nom exact;幻想科学者 リサーチャー・フォックス;Illusion Scientist, Researcher Fox;OK;Magic Scientist, Tester Fox
Dream Team, Dios;1;nom exact;溢れ出す夢 ディオス;Dream Team, Dios;OK;Dream Team, Madre
Jewel Knight, Swordmy;1;nom exact;宝石騎士 そーどみー;Jewel Knight, Swordmy;OK;Prevail Jewel Knight, Yvain
Sour Slicer;1;nom exact;スッパ・スッパー;Sour Slicer;OK;Sour Slicer
Stealth Fiend, Lake Diver;1;nom exact;忍妖 レイクダイバー;Stealth Fiend, Lake Diver;OK;Stealth Fiend, Lake Diver
Twinkle Happiness☆, Pacifica;1;nom exact;トゥインクルハピネス☆ パシフィカ;Twinkle Happiness☆, Pacifica;OK;Twinkle Happiness☆, Pacifica
